Region,Ad_name,Clicks,Impressions,Conversions,Budget_Allocated,Engagement,Age_Group,Date,"time_spent(sec,min)"
Mumbai,Education Campaigns,116,1877,37,114,1,45-54,2025-01-02,"2 min, 57 sec"
Nagpur,Education Campaigns,202,1190,98,956,2,35-44,2025-01-05,"6 min, 17 sec"
Nagpur,Food Promotions,186,797,59,415,3,45-54,2025-01-09,"4 min, 13 sec"
Nagpur,Bollywood Movies,56,722,68,117,1,45-54,2025-01-09,"4 min, 8 sec"
Kolhapur,Education Campaigns,197,1313,32,665,1,45-54,2025-01-02,"3 min, 12 sec"
Nagpur,Cricket Events,152,1144,94,359,1,45-54,2025-01-01,"6 min, 30 sec"
Mumbai,Cricket Events,141,1548,36,360,3,25-34,2025-01-09,"1 min, 17 sec"
Satara,Festival Offers,115,1905,45,432,1,25-34,2025-01-02,"3 min, 20 sec"
Nagpur,Bollywood Movies,194,1959,17,597,2,25-34,2025-01-08,"2 min, 57 sec"
Pune,Fashion Trends,102,658,62,390,2,18-24,2025-01-08,"4 min, 51 sec"
Satara,Food Promotions,222,970,13,248,3,45-54,2025-01-01,"1 min, 1 sec"
Satara,Cricket Events,69,1346,22,350,2,25-34,2025-01-09,"2 min, 31 sec"
Nagpur,Festival Offers,237,564,90,122,3,35-44,2025-01-05,"5 min, 24 sec"
Nagpur,Travel Deals,77,1018,24,791,2,45-54,2025-01-02,"9 min, 25 sec"
Kolhapur,Food Promotions,196,865,12,502,3,45-54,2025-01-04,"3 min, 17 sec"
Kolhapur,Festival Offers,248,1373,49,884,3,25-34,2025-01-02,"9 min, 24 sec"
Pune,Travel Deals,154,1060,51,775,3,35-44,2025-01-07,"9 min, 44 sec"
Satara,Health & Wellness,298,1026,77,993,2,25-34,2025-01-04,"5 min, 1 sec"
Pune,Festival Offers,148,765,59,581,3,25-34,2025-01-06,"7 min, 36 sec"
Kolhapur,E-commerce Sales,161,994,25,998,2,45-54,2025-01-04,"6 min, 51 sec"
Pune,E-commerce Sales,160,1420,42,648,1,18-24,2025-01-07,"7 min, 44 sec"
Nagpur,Health & Wellness,268,557,37,394,3,45-54,2025-01-03,"4 min, 15 sec"
Kolhapur,Smartphone Launches,177,1142,70,586,1,35-44,2025-01-08,"8 min, 5 sec"
Pune,Smartphone Launches,232,1146,74,316,2,18-24,2025-01-09,"9 min, 57 sec"
Mumbai,Travel Deals,233,1368,57,799,3,45-54,2025-01-01,"4 min, 46 sec"
Pune,E-commerce Sales,138,1911,14,863,2,35-44,2025-01-07,"9 min, 31 sec"
Mumbai,Festival Offers,56,1296,62,497,1,35-44,2025-01-05,"2 min, 28 sec"
Kolhapur,Food Promotions,227,1697,39,495,3,18-24,2025-01-03,"8 min, 57 sec"
Kolhapur,Education Campaigns,157,1459,60,617,3,25-34,2025-01-07,"3 min, 12 sec"
Nagpur,Travel Deals,146,1613,98,670,2,35-44,2025-01-07,"2 min, 50 sec"
Mumbai,E-commerce Sales,188,1386,98,714,3,25-34,2025-01-09,"8 min, 44 sec"
Kolhapur,Travel Deals,262,683,45,244,2,45-54,2025-01-08,"5 min, 44 sec"
Nashik,E-commerce Sales,209,1933,81,852,1,35-44,2025-01-07,"5 min, 22 sec"
Mumbai,Smartphone Launches,159,674,99,414,1,35-44,2025-01-08,"9 min, 6 sec"
Pune,Food Promotions,285,1887,20,752,2,45-54,2025-01-08,"1 min, 38 sec"
Pune,Travel Deals,185,583,64,787,2,35-44,2025-01-05,"6 min, 16 sec"
Nashik,Health & Wellness,287,914,25,578,2,45-54,2025-01-04,"9 min, 28 sec"
Nagpur,Food Promotions,212,1470,22,665,2,35-44,2025-01-02,"3 min, 25 sec"
Kolhapur,Fashion Trends,67,1022,47,140,2,18-24,2025-01-03,"9 min, 33 sec"
Mumbai,Cricket Events,198,1718,95,760,1,25-34,2025-01-04,"2 min, 59 sec"
Kolhapur,Cricket Events,152,597,56,461,3,18-24,2025-01-03,"1 min, 1 sec"
Nashik,Bollywood Movies,207,832,55,613,3,45-54,2025-01-07,"6 min, 18 sec"
Nashik,Smartphone Launches,169,646,89,843,1,18-24,2025-01-06,"3 min, 57 sec"
Pune,Food Promotions,214,1627,69,230,2,25-34,2025-01-06,"9 min, 14 sec"
Nagpur,Smartphone Launches,273,1142,57,124,3,18-24,2025-01-01,"5 min, 41 sec"
Kolhapur,Education Campaigns,122,567,91,950,3,35-44,2025-01-08,"1 min, 41 sec"
Mumbai,Health & Wellness,245,1042,96,330,1,35-44,2025-01-03,"8 min, 30 sec"
Nashik,Smartphone Launches,231,1540,26,371,1,25-34,2025-01-07,"2 min, 59 sec"
Satara,Food Promotions,136,1579,35,101,2,35-44,2025-01-07,"9 min, 22 sec"
Nashik,Food Promotions,70,728,26,240,2,45-54,2025-01-01,"8 min, 46 sec"
Pune,Smartphone Launches,67,601,90,257,3,25-34,2025-01-07,"6 min, 33 sec"
Kolhapur,E-commerce Sales,222,924,88,613,2,45-54,2025-01-06,"9 min, 33 sec"
Mumbai,Bollywood Movies,177,557,58,294,2,45-54,2025-01-04,"7 min, 21 sec"
Kolhapur,Travel Deals,104,1037,33,758,2,25-34,2025-01-07,"1 min, 37 sec"
Pune,Health & Wellness,160,1042,85,986,3,45-54,2025-01-09,"2 min, 8 sec"
Pune,Bollywood Movies,53,1280,12,675,1,25-34,2025-01-07,"9 min, 21 sec"
Mumbai,E-commerce Sales,79,1101,40,838,2,35-44,2025-01-05,"2 min, 10 sec"
Nagpur,Travel Deals,242,1161,31,844,1,25-34,2025-01-03,"3 min, 19 sec"
Pune,Health & Wellness,173,1085,36,435,2,18-24,2025-01-09,"8 min, 32 sec"
Nashik,Smartphone Launches,240,1455,63,515,3,25-34,2025-01-07,"5 min, 28 sec"
Nashik,Cricket Events,182,672,31,170,1,35-44,2025-01-09,"4 min, 50 sec"
Pune,Bollywood Movies,249,1383,11,646,2,25-34,2025-01-04,"1 min, 28 sec"
Mumbai,Fashion Trends,178,1872,26,359,2,35-44,2025-01-04,"4 min, 25 sec"
Satara,Education Campaigns,188,740,89,634,2,35-44,2025-01-05,"9 min, 19 sec"
Mumbai,Food Promotions,144,878,36,559,2,35-44,2025-01-01,"6 min, 34 sec"
Satara,E-commerce Sales,247,1166,44,680,1,35-44,2025-01-06,"3 min, 34 sec"
Kolhapur,Smartphone Launches,208,1212,53,589,2,18-24,2025-01-02,"6 min, 21 sec"
Pune,Festival Offers,135,1145,44,234,3,35-44,2025-01-01,"2 min, 52 sec"
Satara,Festival Offers,271,1131,78,600,3,45-54,2025-01-04,"9 min, 31 sec"
Nagpur,Fashion Trends,146,612,10,525,3,35-44,2025-01-04,"6 min, 0 sec"
Kolhapur,Fashion Trends,241,1325,65,199,2,45-54,2025-01-04,"4 min, 3 sec"
Satara,Food Promotions,64,1473,73,509,2,25-34,2025-01-05,"1 min, 4 sec"
Kolhapur,Travel Deals,207,1465,27,219,3,18-24,2025-01-05,"3 min, 38 sec"
Pune,Festival Offers,287,1292,92,375,3,45-54,2025-01-02,"3 min, 42 sec"
Kolhapur,Education Campaigns,117,1768,59,692,2,25-34,2025-01-03,"3 min, 1 sec"
Pune,Food Promotions,186,1819,69,281,2,35-44,2025-01-08,"3 min, 15 sec"
Nagpur,Festival Offers,253,1257,18,627,2,35-44,2025-01-04,"3 min, 50 sec"
Kolhapur,Travel Deals,296,882,44,241,3,45-54,2025-01-03,"4 min, 26 sec"
Nagpur,E-commerce Sales,276,1766,55,450,1,25-34,2025-01-04,"6 min, 51 sec"
Pune,Festival Offers,286,900,39,154,3,35-44,2025-01-07,"1 min, 33 sec"
Kolhapur,Smartphone Launches,264,1606,82,470,1,45-54,2025-01-02,"9 min, 4 sec"
Nashik,Bollywood Movies,197,1192,44,159,1,45-54,2025-01-08,"5 min, 49 sec"
Nagpur,Education Campaigns,92,1103,71,222,2,45-54,2025-01-01,"9 min, 10 sec"
Nagpur,Cricket Events,91,1905,74,891,2,45-54,2025-01-06,"9 min, 6 sec"
Kolhapur,Health & Wellness,210,1623,93,181,2,18-24,2025-01-05,"1 min, 40 sec"
Pune,Bollywood Movies,66,584,33,831,3,45-54,2025-01-08,"1 min, 52 sec"
Satara,Health & Wellness,236,1386,51,802,1,35-44,2025-01-01,"6 min, 7 sec"
Nashik,Smartphone Launches,52,1480,43,555,2,25-34,2025-01-07,"9 min, 0 sec"
Nagpur,Smartphone Launches,111,1695,66,852,3,25-34,2025-01-04,"1 min, 53 sec"
Pune,Fashion Trends,155,1894,11,311,3,25-34,2025-01-06,"6 min, 37 sec"
Kolhapur,Bollywood Movies,300,1291,77,979,3,18-24,2025-01-07,"1 min, 41 sec"
Pune,Cricket Events,67,919,99,518,1,45-54,2025-01-02,"1 min, 59 sec"
Pune,Smartphone Launches,240,1098,16,138,3,18-24,2025-01-05,"6 min, 4 sec"
Nagpur,Travel Deals,87,1881,83,682,1,45-54,2025-01-04,"5 min, 27 sec"
Satara,Food Promotions,182,1090,73,975,3,25-34,2025-01-08,"8 min, 36 sec"
Mumbai,Festival Offers,153,758,96,119,1,45-54,2025-01-05,"7 min, 27 sec"
Kolhapur,Bollywood Movies,147,1630,23,750,3,18-24,2025-01-09,"6 min, 44 sec"
Nashik,Health & Wellness,91,1481,81,509,2,18-24,2025-01-06,"9 min, 4 sec"
Pune,Festival Offers,224,1885,37,863,2,25-34,2025-01-07,"4 min, 8 sec"
Kolhapur,E-commerce Sales,118,896,90,836,3,18-24,2025-01-09,"3 min, 53 sec"
Nagpur,Food Promotions,292,1904,65,680,2,35-44,2025-01-03,"5 min, 5 sec"
Kolhapur,Food Promotions,95,995,22,398,1,35-44,2025-01-08,"6 min, 36 sec"
Pune,Cricket Events,93,1753,14,472,3,45-54,2025-01-08,"7 min, 16 sec"
Satara,Health & Wellness,217,1050,44,586,3,45-54,2025-01-04,"8 min, 6 sec"
Kolhapur,Bollywood Movies,56,576,70,672,2,35-44,2025-01-04,"8 min, 42 sec"
Nashik,Festival Offers,145,1868,56,675,3,18-24,2025-01-09,"6 min, 55 sec"
Nagpur,Food Promotions,248,615,32,392,1,25-34,2025-01-08,"5 min, 47 sec"
Kolhapur,Education Campaigns,187,567,10,158,1,45-54,2025-01-09,"6 min, 51 sec"
Pune,E-commerce Sales,63,1027,84,642,1,25-34,2025-01-01,"7 min, 54 sec"
Kolhapur,E-commerce Sales,236,1995,69,939,1,35-44,2025-01-09,"1 min, 7 sec"
Kolhapur,Education Campaigns,111,954,27,749,3,18-24,2025-01-07,"8 min, 30 sec"
Mumbai,Smartphone Launches,279,757,48,369,2,25-34,2025-01-05,"5 min, 55 sec"
Nagpur,Festival Offers,260,1711,81,955,2,18-24,2025-01-01,"4 min, 32 sec"
Mumbai,Health & Wellness,138,997,53,267,3,35-44,2025-01-01,"5 min, 28 sec"
Pune,E-commerce Sales,191,657,23,826,3,25-34,2025-01-02,"2 min, 57 sec"
Mumbai,Education Campaigns,160,1263,52,654,2,25-34,2025-01-01,"1 min, 41 sec"
Nashik,E-commerce Sales,108,1316,95,361,2,25-34,2025-01-05,"8 min, 7 sec"
Satara,Bollywood Movies,249,1966,20,917,2,35-44,2025-01-09,"1 min, 4 sec"
Kolhapur,Food Promotions,218,659,98,340,1,25-34,2025-01-06,"4 min, 39 sec"
Kolhapur,Health & Wellness,148,1745,45,330,3,35-44,2025-01-04,"2 min, 59 sec"
Satara,Fashion Trends,86,1807,11,138,2,45-54,2025-01-09,"4 min, 32 sec"
Nagpur,Cricket Events,230,1109,75,400,1,45-54,2025-01-08,"1 min, 51 sec"
Mumbai,Food Promotions,268,1009,57,979,3,25-34,2025-01-01,"6 min, 27 sec"
Nagpur,Fashion Trends,285,1702,63,651,2,35-44,2025-01-01,"6 min, 51 sec"
Nashik,E-commerce Sales,293,1213,21,129,2,18-24,2025-01-07,"6 min, 51 sec"
Satara,Education Campaigns,89,955,58,660,3,25-34,2025-01-05,"3 min, 49 sec"
Mumbai,Travel Deals,219,869,26,402,1,18-24,2025-01-01,"4 min, 28 sec"
Satara,Travel Deals,233,1561,17,489,3,18-24,2025-01-07,"4 min, 44 sec"
Kolhapur,Cricket Events,191,923,88,267,3,18-24,2025-01-01,"5 min, 20 sec"
Nashik,Fashion Trends,108,1827,28,367,2,25-34,2025-01-03,"1 min, 1 sec"
Nagpur,Fashion Trends,281,895,42,666,3,45-54,2025-01-06,"2 min, 6 sec"
Mumbai,Education Campaigns,112,641,60,292,2,18-24,2025-01-08,"1 min, 50 sec"
Nashik,Fashion Trends,96,1302,26,441,2,45-54,2025-01-03,"6 min, 1 sec"
Pune,Travel Deals,281,1777,47,492,2,18-24,2025-01-04,"4 min, 0 sec"
Mumbai,Cricket Events,150,572,60,621,3,45-54,2025-01-07,"6 min, 36 sec"
Satara,Education Campaigns,150,1745,49,229,2,45-54,2025-01-08,"5 min, 40 sec"
Satara,Health & Wellness,225,827,54,144,1,35-44,2025-01-05,"6 min, 34 sec"
Pune,Health & Wellness,220,886,99,990,1,18-24,2025-01-08,"6 min, 14 sec"
Satara,Fashion Trends,104,1389,100,607,2,35-44,2025-01-07,"9 min, 55 sec"
Pune,Cricket Events,164,1990,16,623,2,18-24,2025-01-06,"1 min, 19 sec"
Kolhapur,Fashion Trends,98,801,95,379,2,35-44,2025-01-05,"2 min, 17 sec"
Mumbai,E-commerce Sales,240,912,28,514,1,18-24,2025-01-06,"7 min, 1 sec"
Kolhapur,Bollywood Movies,129,1447,51,383,1,35-44,2025-01-05,"2 min, 5 sec"
Nagpur,Cricket Events,224,1736,66,338,1,25-34,2025-01-05,"3 min, 9 sec"
Nagpur,Smartphone Launches,187,1520,88,532,1,25-34,2025-01-08,"4 min, 13 sec"
Nashik,Travel Deals,75,1339,16,465,2,45-54,2025-01-04,"2 min, 18 sec"
Nashik,Education Campaigns,287,1810,89,768,1,35-44,2025-01-03,"2 min, 52 sec"
Nagpur,Cricket Events,226,1157,53,496,2,18-24,2025-01-08,"8 min, 10 sec"
Nagpur,Bollywood Movies,133,1277,70,152,2,25-34,2025-01-07,"7 min, 49 sec"
Satara,Education Campaigns,184,1377,15,224,3,45-54,2025-01-09,"6 min, 6 sec"
Nashik,Fashion Trends,251,1124,28,291,1,35-44,2025-01-03,"9 min, 1 sec"
Kolhapur,Health & Wellness,298,782,10,239,2,18-24,2025-01-01,"8 min, 27 sec"
Nagpur,Education Campaigns,105,1832,46,838,1,18-24,2025-01-01,"1 min, 47 sec"
Kolhapur,Food Promotions,230,554,71,701,3,18-24,2025-01-03,"5 min, 24 sec"
Nashik,Festival Offers,289,1219,26,388,1,35-44,2025-01-06,"1 min, 16 sec"
Pune,Travel Deals,150,1865,32,507,1,45-54,2025-01-04,"3 min, 49 sec"
Pune,Festival Offers,101,1556,69,127,3,18-24,2025-01-07,"6 min, 59 sec"
Kolhapur,Festival Offers,69,1735,34,822,3,35-44,2025-01-04,"8 min, 44 sec"
Pune,Festival Offers,275,1883,63,767,3,18-24,2025-01-04,"6 min, 42 sec"
Pune,Travel Deals,88,1702,19,373,3,45-54,2025-01-04,"2 min, 53 sec"
Pune,Smartphone Launches,141,1357,22,621,1,18-24,2025-01-05,"2 min, 42 sec"
Mumbai,Food Promotions,260,714,27,186,2,25-34,2025-01-09,"6 min, 27 sec"
Pune,Food Promotions,259,1450,92,627,1,18-24,2025-01-09,"1 min, 59 sec"
Nagpur,Education Campaigns,116,1871,45,842,1,35-44,2025-01-05,"3 min, 15 sec"
Nagpur,Bollywood Movies,201,666,93,437,1,45-54,2025-01-08,"9 min, 58 sec"
Kolhapur,Bollywood Movies,120,1640,22,693,3,35-44,2025-01-04,"5 min, 23 sec"
Mumbai,Bollywood Movies,245,908,98,445,1,18-24,2025-01-06,"4 min, 20 sec"
Pune,Bollywood Movies,175,1360,10,895,2,35-44,2025-01-01,"7 min, 24 sec"
Nagpur,E-commerce Sales,126,1289,27,968,2,45-54,2025-01-04,"1 min, 57 sec"
Satara,Food Promotions,293,606,97,341,1,18-24,2025-01-08,"1 min, 35 sec"
Mumbai,Fashion Trends,170,525,64,372,3,18-24,2025-01-02,"8 min, 20 sec"
Nagpur,Health & Wellness,177,1367,72,930,2,18-24,2025-01-09,"1 min, 23 sec"
Nagpur,E-commerce Sales,219,1646,66,440,3,25-34,2025-01-05,"5 min, 0 sec"
Pune,Bollywood Movies,64,1623,12,419,1,45-54,2025-01-08,"4 min, 0 sec"
Mumbai,Fashion Trends,298,1950,55,212,2,18-24,2025-01-04,"6 min, 16 sec"
Nashik,Education Campaigns,127,1202,16,352,2,18-24,2025-01-01,"4 min, 43 sec"
Nashik,Fashion Trends,168,1506,64,992,3,18-24,2025-01-04,"2 min, 19 sec"
Nashik,E-commerce Sales,187,877,72,779,2,35-44,2025-01-08,"7 min, 49 sec"
Mumbai,Education Campaigns,81,630,40,212,3,18-24,2025-01-04,"3 min, 46 sec"
Nashik,Cricket Events,248,1448,99,989,2,35-44,2025-01-08,"4 min, 3 sec"
Mumbai,Travel Deals,97,1925,63,422,2,35-44,2025-01-06,"7 min, 22 sec"
Satara,Travel Deals,175,1021,86,725,1,25-34,2025-01-04,"2 min, 16 sec"
Nashik,Smartphone Launches,159,1121,97,410,2,18-24,2025-01-05,"7 min, 22 sec"
Nashik,Cricket Events,148,587,54,489,1,45-54,2025-01-06,"1 min, 7 sec"
Pune,Smartphone Launches,100,525,77,714,1,45-54,2025-01-02,"7 min, 41 sec"
Nashik,Festival Offers,89,1922,57,349,2,18-24,2025-01-01,"5 min, 39 sec"
Nashik,Education Campaigns,259,723,22,719,3,35-44,2025-01-08,"3 min, 35 sec"
Pune,Education Campaigns,262,1665,28,322,1,18-24,2025-01-05,"5 min, 53 sec"
Satara,Food Promotions,267,1027,91,165,3,25-34,2025-01-06,"4 min, 11 sec"
Nashik,Education Campaigns,138,1533,41,861,1,35-44,2025-01-08,"5 min, 14 sec"
Nashik,Travel Deals,129,1384,62,647,2,18-24,2025-01-08,"3 min, 14 sec"
Kolhapur,Food Promotions,253,1940,23,568,1,25-34,2025-01-06,"3 min, 2 sec"
Satara,Cricket Events,71,1357,86,140,1,25-34,2025-01-08,"8 min, 30 sec"
Mumbai,Bollywood Movies,242,1942,10,603,2,35-44,2025-01-01,"9 min, 47 sec"
Pune,Travel Deals,270,1860,88,135,3,45-54,2025-01-07,"3 min, 19 sec"
Mumbai,Festival Offers,236,771,15,275,1,35-44,2025-01-05,"7 min, 37 sec"
Satara,Bollywood Movies,163,1838,100,223,1,45-54,2025-01-08,"8 min, 38 sec"
Kolhapur,Education Campaigns,231,941,43,710,2,25-34,2025-01-07,"3 min, 20 sec"
Nagpur,Cricket Events,60,1499,56,201,3,18-24,2025-01-01,"3 min, 22 sec"
Mumbai,Smartphone Launches,121,830,17,184,2,35-44,2025-01-04,"3 min, 51 sec"
Nagpur,Health & Wellness,114,1883,12,853,3,35-44,2025-01-01,"6 min, 35 sec"
Nashik,Education Campaigns,108,642,80,957,2,35-44,2025-01-08,"1 min, 33 sec"
Kolhapur,Health & Wellness,299,1694,40,700,2,18-24,2025-01-09,"8 min, 46 sec"
Satara,Festival Offers,163,1856,46,758,1,25-34,2025-01-08,"6 min, 42 sec"
Satara,Food Promotions,138,1370,88,113,1,45-54,2025-01-04,"5 min, 18 sec"
Nashik,Festival Offers,124,1402,88,843,3,45-54,2025-01-07,"9 min, 17 sec"
Nagpur,Food Promotions,69,1302,42,606,1,25-34,2025-01-09,"2 min, 5 sec"
Kolhapur,Food Promotions,145,796,49,553,3,25-34,2025-01-01,"3 min, 35 sec"
Nashik,Health & Wellness,241,1084,65,259,2,25-34,2025-01-08,"3 min, 46 sec"
Pune,Food Promotions,71,1590,45,937,3,35-44,2025-01-06,"6 min, 46 sec"
Nagpur,E-commerce Sales,164,1175,76,424,1,45-54,2025-01-01,"9 min, 14 sec"
Nashik,Smartphone Launches,61,1325,69,101,2,25-34,2025-01-05,"1 min, 58 sec"
Nagpur,Smartphone Launches,206,1075,51,574,2,35-44,2025-01-04,"4 min, 18 sec"
Pune,Festival Offers,235,1353,56,760,1,45-54,2025-01-08,"3 min, 5 sec"
Nashik,Health & Wellness,215,521,79,377,2,45-54,2025-01-05,"1 min, 32 sec"
Satara,Health & Wellness,97,932,14,975,3,18-24,2025-01-01,"5 min, 35 sec"
Mumbai,Festival Offers,222,809,95,541,2,45-54,2025-01-05,"4 min, 43 sec"
Mumbai,Smartphone Launches,163,1040,68,433,3,35-44,2025-01-05,"5 min, 17 sec"
Satara,Bollywood Movies,154,1415,98,520,3,45-54,2025-01-09,"7 min, 57 sec"
Kolhapur,Education Campaigns,89,1809,27,728,2,35-44,2025-01-02,"5 min, 26 sec"
Satara,Education Campaigns,180,751,38,972,1,35-44,2025-01-05,"9 min, 1 sec"
Nagpur,Education Campaigns,164,1614,54,225,2,18-24,2025-01-05,"8 min, 25 sec"
Satara,Smartphone Launches,276,1101,52,865,3,45-54,2025-01-06,"5 min, 7 sec"
Mumbai,Bollywood Movies,161,512,69,170,1,25-34,2025-01-07,"5 min, 56 sec"
Pune,Smartphone Launches,102,1718,21,405,3,45-54,2025-01-07,"9 min, 37 sec"
Satara,Cricket Events,251,1283,31,821,2,18-24,2025-01-04,"2 min, 24 sec"
Pune,Education Campaigns,105,878,10,142,1,18-24,2025-01-07,"6 min, 16 sec"
Mumbai,Bollywood Movies,203,1177,62,957,1,18-24,2025-01-01,"2 min, 33 sec"
Nagpur,Health & Wellness,244,1592,50,882,1,25-34,2025-01-01,"6 min, 31 sec"
Mumbai,Education Campaigns,155,1658,98,905,2,35-44,2025-01-02,"2 min, 14 sec"
Pune,Cricket Events,252,1659,18,969,1,35-44,2025-01-03,"7 min, 13 sec"
Nashik,Food Promotions,104,1578,47,327,1,18-24,2025-01-04,"6 min, 50 sec"
Nagpur,Travel Deals,263,1610,46,563,2,45-54,2025-01-04,"2 min, 22 sec"
Mumbai,Food Promotions,283,1670,65,299,3,18-24,2025-01-01,"1 min, 6 sec"
Pune,Smartphone Launches,176,1656,66,406,2,35-44,2025-01-03,"1 min, 45 sec"
Mumbai,Food Promotions,179,1430,86,807,2,35-44,2025-01-09,"9 min, 29 sec"
Pune,Bollywood Movies,69,654,31,725,1,25-34,2025-01-06,"8 min, 5 sec"
Mumbai,Cricket Events,194,621,83,816,1,45-54,2025-01-04,"9 min, 15 sec"
Satara,Education Campaigns,170,1882,57,877,3,25-34,2025-01-03,"6 min, 4 sec"
Nagpur,Smartphone Launches,192,1006,78,443,2,35-44,2025-01-09,"6 min, 17 sec"
Satara,Travel Deals,205,1046,28,142,2,18-24,2025-01-06,"7 min, 15 sec"
Nagpur,E-commerce Sales,67,562,15,394,3,18-24,2025-01-01,"6 min, 37 sec"
Nashik,Festival Offers,233,1442,27,452,1,35-44,2025-01-06,"5 min, 42 sec"
Kolhapur,Health & Wellness,75,523,22,623,2,18-24,2025-01-08,"1 min, 7 sec"
Nashik,Travel Deals,243,1623,55,103,1,45-54,2025-01-05,"7 min, 12 sec"
Kolhapur,Health & Wellness,185,654,16,109,1,25-34,2025-01-08,"2 min, 36 sec"
Pune,Health & Wellness,118,777,55,913,2,18-24,2025-01-03,"9 min, 5 sec"
Pune,Bollywood Movies,113,1614,34,896,2,25-34,2025-01-04,"6 min, 4 sec"
Satara,Education Campaigns,211,1793,13,779,1,45-54,2025-01-01,"7 min, 35 sec"
Nagpur,Health & Wellness,265,538,93,408,2,35-44,2025-01-07,"8 min, 1 sec"
Nashik,Fashion Trends,146,568,19,250,2,18-24,2025-01-08,"8 min, 17 sec"
Kolhapur,Food Promotions,235,511,72,446,1,25-34,2025-01-09,"7 min, 0 sec"
Mumbai,Travel Deals,149,833,42,587,1,35-44,2025-01-03,"2 min, 41 sec"
Kolhapur,Smartphone Launches,103,1503,90,349,3,18-24,2025-01-04,"5 min, 1 sec"
Satara,Health & Wellness,240,609,62,498,1,35-44,2025-01-08,"6 min, 15 sec"
Kolhapur,Travel Deals,171,898,99,359,2,45-54,2025-01-05,"8 min, 37 sec"
Pune,Education Campaigns,284,640,42,733,3,45-54,2025-01-05,"8 min, 44 sec"
Kolhapur,Travel Deals,279,1091,36,550,3,35-44,2025-01-05,"7 min, 40 sec"
Satara,Education Campaigns,292,1153,73,663,1,45-54,2025-01-03,"8 min, 20 sec"
Satara,E-commerce Sales,95,1707,53,812,3,25-34,2025-01-08,"7 min, 9 sec"
Kolhapur,Festival Offers,195,1210,66,740,1,45-54,2025-01-04,"1 min, 48 sec"
Mumbai,Festival Offers,293,861,31,853,2,18-24,2025-01-02,"1 min, 47 sec"
Mumbai,Food Promotions,219,798,80,416,1,25-34,2025-01-04,"6 min, 43 sec"
Kolhapur,Food Promotions,134,1481,93,311,3,35-44,2025-01-03,"2 min, 34 sec"
Satara,Cricket Events,133,1655,76,641,3,35-44,2025-01-08,"9 min, 31 sec"
Pune,Food Promotions,173,904,98,854,1,45-54,2025-01-09,"2 min, 32 sec"
Pune,Cricket Events,235,1149,77,632,3,35-44,2025-01-06,"5 min, 29 sec"
Nagpur,Education Campaigns,96,1681,16,714,3,45-54,2025-01-04,"2 min, 18 sec"
Pune,E-commerce Sales,244,1777,87,743,1,18-24,2025-01-01,"3 min, 59 sec"
Kolhapur,Food Promotions,245,1652,49,233,2,18-24,2025-01-01,"7 min, 53 sec"
Mumbai,Festival Offers,217,731,27,985,1,25-34,2025-01-03,"8 min, 45 sec"
Mumbai,E-commerce Sales,247,739,62,211,3,35-44,2025-01-07,"7 min, 17 sec"
Mumbai,Food Promotions,265,1863,26,152,3,45-54,2025-01-04,"1 min, 23 sec"
Mumbai,Cricket Events,146,1822,39,225,1,45-54,2025-01-04,"9 min, 56 sec"
Kolhapur,E-commerce Sales,205,1745,14,219,3,18-24,2025-01-03,"5 min, 37 sec"
Mumbai,Education Campaigns,157,1704,78,926,2,35-44,2025-01-09,"9 min, 5 sec"
Mumbai,E-commerce Sales,160,1386,20,714,3,45-54,2025-01-01,"6 min, 19 sec"
Nashik,Health & Wellness,142,1846,62,537,2,45-54,2025-01-02,"4 min, 58 sec"
Satara,Health & Wellness,240,1860,48,246,3,18-24,2025-01-01,"8 min, 19 sec"
Satara,Bollywood Movies,218,1775,49,803,2,18-24,2025-01-04,"6 min, 7 sec"
Pune,Smartphone Launches,190,1543,37,417,1,45-54,2025-01-06,"9 min, 34 sec"
Satara,Education Campaigns,222,1403,76,187,3,45-54,2025-01-09,"6 min, 50 sec"
Nagpur,Bollywood Movies,257,1191,96,197,1,45-54,2025-01-03,"8 min, 42 sec"
Pune,Smartphone Launches,85,1678,26,572,3,35-44,2025-01-01,"7 min, 46 sec"
Kolhapur,Festival Offers,224,581,95,659,3,18-24,2025-01-02,"4 min, 29 sec"
Kolhapur,Food Promotions,106,823,14,531,3,25-34,2025-01-05,"6 min, 59 sec"
Pune,Travel Deals,217,1050,82,630,2,18-24,2025-01-04,"5 min, 23 sec"
Mumbai,Cricket Events,187,1734,23,363,2,18-24,2025-01-03,"4 min, 13 sec"
Kolhapur,Cricket Events,93,1320,20,583,1,35-44,2025-01-07,"1 min, 58 sec"
Mumbai,Cricket Events,124,1389,67,869,3,35-44,2025-01-03,"5 min, 3 sec"
Nagpur,Health & Wellness,63,1315,70,946,3,25-34,2025-01-01,"7 min, 2 sec"
Nagpur,Education Campaigns,235,1313,84,795,1,35-44,2025-01-01,"6 min, 37 sec"
Nashik,Health & Wellness,256,554,34,390,2,25-34,2025-01-05,"3 min, 29 sec"
Pune,Education Campaigns,258,552,68,323,1,25-34,2025-01-05,"8 min, 39 sec"
Nashik,Health & Wellness,285,1153,24,526,2,25-34,2025-01-06,"6 min, 53 sec"
Nagpur,E-commerce Sales,125,1105,62,752,1,25-34,2025-01-07,"5 min, 46 sec"
Mumbai,Food Promotions,207,761,56,379,2,25-34,2025-01-02,"2 min, 17 sec"
Pune,Festival Offers,125,1415,95,349,2,45-54,2025-01-06,"1 min, 11 sec"
Satara,Health & Wellness,298,1766,31,757,3,45-54,2025-01-06,"2 min, 18 sec"
Satara,Health & Wellness,202,1470,26,811,2,45-54,2025-01-02,"4 min, 35 sec"
Nashik,E-commerce Sales,165,1895,48,445,2,18-24,2025-01-08,"1 min, 0 sec"
Pune,Food Promotions,109,631,18,244,2,35-44,2025-01-04,"6 min, 6 sec"
Nagpur,Fashion Trends,51,1558,41,536,2,18-24,2025-01-08,"3 min, 52 sec"
Nagpur,Festival Offers,237,1247,41,169,3,45-54,2025-01-07,"3 min, 14 sec"
Kolhapur,Food Promotions,186,557,77,264,1,25-34,2025-01-07,"7 min, 32 sec"
Satara,Health & Wellness,236,1500,88,567,1,25-34,2025-01-09,"9 min, 57 sec"
Nashik,Bollywood Movies,86,744,99,894,3,25-34,2025-01-01,"4 min, 45 sec"
Nagpur,Food Promotions,181,868,90,366,3,45-54,2025-01-05,"9 min, 25 sec"
Kolhapur,Festival Offers,299,1066,11,736,3,45-54,2025-01-09,"4 min, 41 sec"
Satara,Fashion Trends,248,1775,69,771,2,45-54,2025-01-09,"4 min, 20 sec"
Mumbai,Festival Offers,249,1782,98,434,2,35-44,2025-01-06,"3 min, 17 sec"
Nashik,Smartphone Launches,225,1963,42,296,2,35-44,2025-01-02,"6 min, 1 sec"
Pune,Travel Deals,70,1465,86,142,3,25-34,2025-01-01,"8 min, 0 sec"
Pune,Education Campaigns,257,1580,36,370,3,25-34,2025-01-05,"7 min, 42 sec"
Mumbai,Education Campaigns,296,1854,50,655,3,18-24,2025-01-03,"2 min, 28 sec"
Nashik,Cricket Events,158,589,85,363,2,25-34,2025-01-09,"2 min, 19 sec"
Kolhapur,E-commerce Sales,147,964,53,556,2,18-24,2025-01-03,"8 min, 15 sec"
Kolhapur,E-commerce Sales,179,1305,64,963,1,25-34,2025-01-07,"8 min, 22 sec"
Kolhapur,Bollywood Movies,148,1295,24,565,2,18-24,2025-01-02,"4 min, 9 sec"
Nagpur,Food Promotions,237,732,66,731,1,35-44,2025-01-05,"8 min, 7 sec"
Satara,Health & Wellness,239,1608,79,787,3,18-24,2025-01-08,"5 min, 37 sec"
Satara,Festival Offers,181,999,61,547,2,45-54,2025-01-03,"3 min, 50 sec"
Satara,Smartphone Launches,145,1368,29,990,3,18-24,2025-01-04,"8 min, 47 sec"
Nashik,Health & Wellness,260,1799,92,541,2,35-44,2025-01-04,"4 min, 22 sec"
Nashik,Food Promotions,210,905,13,714,3,25-34,2025-01-01,"2 min, 59 sec"
Nashik,Education Campaigns,224,1339,16,594,2,45-54,2025-01-07,"4 min, 43 sec"
Mumbai,Smartphone Launches,207,1911,42,394,1,25-34,2025-01-04,"1 min, 20 sec"
Kolhapur,Festival Offers,287,1246,18,242,3,35-44,2025-01-08,"6 min, 41 sec"
Pune,Cricket Events,275,1480,95,163,3,35-44,2025-01-07,"9 min, 29 sec"
Kolhapur,Travel Deals,299,764,92,425,2,25-34,2025-01-04,"4 min, 39 sec"
Nashik,Smartphone Launches,110,1187,15,726,3,25-34,2025-01-05,"5 min, 8 sec"
Nashik,Cricket Events,223,1891,32,173,3,35-44,2025-01-03,"8 min, 36 sec"
Kolhapur,Food Promotions,111,712,17,440,1,35-44,2025-01-01,"5 min, 30 sec"
Mumbai,Food Promotions,246,1026,27,973,3,18-24,2025-01-01,"4 min, 9 sec"
Mumbai,Smartphone Launches,296,1928,40,678,2,18-24,2025-01-05,"4 min, 39 sec"
Satara,Festival Offers,230,946,100,436,1,18-24,2025-01-04,"6 min, 34 sec"
Mumbai,Food Promotions,278,1660,44,906,3,45-54,2025-01-06,"3 min, 43 sec"
Nagpur,Travel Deals,134,1797,59,967,2,18-24,2025-01-04,"3 min, 42 sec"
Kolhapur,Food Promotions,291,1744,59,796,3,45-54,2025-01-03,"9 min, 3 sec"
Nagpur,Health & Wellness,264,618,49,477,2,25-34,2025-01-02,"7 min, 22 sec"
Kolhapur,Bollywood Movies,234,1524,58,667,1,45-54,2025-01-03,"1 min, 58 sec"
Satara,Education Campaigns,118,907,38,352,2,45-54,2025-01-02,"9 min, 57 sec"
Mumbai,Health & Wellness,234,1454,78,411,2,25-34,2025-01-04,"7 min, 38 sec"
Nagpur,Bollywood Movies,90,1270,43,305,2,45-54,2025-01-01,"6 min, 7 sec"
Mumbai,Smartphone Launches,216,1385,16,860,3,45-54,2025-01-02,"9 min, 48 sec"
Nashik,Food Promotions,268,1675,77,559,2,35-44,2025-01-09,"7 min, 39 sec"
Mumbai,Smartphone Launches,147,1441,22,697,3,45-54,2025-01-03,"8 min, 40 sec"
Satara,Health & Wellness,255,1641,94,148,3,45-54,2025-01-06,"1 min, 19 sec"
Satara,Festival Offers,205,688,15,792,2,18-24,2025-01-03,"5 min, 44 sec"
Kolhapur,Smartphone Launches,238,1528,80,469,2,18-24,2025-01-03,"7 min, 4 sec"
Pune,Education Campaigns,156,807,57,519,1,18-24,2025-01-06,"1 min, 3 sec"
Satara,Travel Deals,79,1489,64,407,2,25-34,2025-01-05,"1 min, 50 sec"
Kolhapur,E-commerce Sales,250,1095,37,832,3,25-34,2025-01-09,"7 min, 8 sec"
Nashik,Health & Wellness,231,924,26,263,3,25-34,2025-01-09,"8 min, 19 sec"
Kolhapur,Smartphone Launches,59,1462,46,949,3,18-24,2025-01-07,"5 min, 26 sec"
Pune,Travel Deals,260,1563,85,508,3,35-44,2025-01-08,"3 min, 18 sec"
Nagpur,E-commerce Sales,232,1346,53,456,3,25-34,2025-01-06,"3 min, 56 sec"
Kolhapur,Smartphone Launches,65,925,63,544,2,18-24,2025-01-04,"4 min, 22 sec"
Nashik,Cricket Events,64,614,24,511,2,25-34,2025-01-08,"8 min, 8 sec"
Nashik,Festival Offers,268,1115,57,679,3,35-44,2025-01-07,"5 min, 11 sec"
Nagpur,Festival Offers,274,984,36,960,3,35-44,2025-01-09,"5 min, 52 sec"
Satara,Health & Wellness,280,1620,85,810,3,18-24,2025-01-06,"3 min, 30 sec"
Nashik,Smartphone Launches,242,1206,81,808,3,35-44,2025-01-03,"7 min, 48 sec"
Mumbai,Bollywood Movies,195,1899,43,618,3,18-24,2025-01-01,"6 min, 50 sec"
Pune,Travel Deals,57,1112,12,263,3,35-44,2025-01-02,"8 min, 49 sec"
Nagpur,Education Campaigns,132,730,100,426,2,25-34,2025-01-07,"7 min, 23 sec"
Kolhapur,E-commerce Sales,123,563,40,393,3,35-44,2025-01-02,"5 min, 53 sec"
Satara,Health & Wellness,70,1082,25,805,3,25-34,2025-01-01,"9 min, 28 sec"
Kolhapur,Fashion Trends,161,674,46,914,2,18-24,2025-01-04,"9 min, 50 sec"
Nashik,Travel Deals,160,1061,66,992,2,18-24,2025-01-06,"8 min, 8 sec"
Pune,Bollywood Movies,256,957,26,607,3,25-34,2025-01-08,"8 min, 5 sec"
Mumbai,Cricket Events,95,549,29,521,2,18-24,2025-01-09,"2 min, 29 sec"
Kolhapur,Festival Offers,145,1875,97,940,3,25-34,2025-01-08,"9 min, 16 sec"
Nashik,Bollywood Movies,157,898,89,495,2,18-24,2025-01-08,"3 min, 3 sec"
Pune,Smartphone Launches,193,603,93,566,2,45-54,2025-01-03,"7 min, 48 sec"
Mumbai,Festival Offers,169,1380,62,418,2,25-34,2025-01-07,"2 min, 44 sec"
Kolhapur,Smartphone Launches,115,1824,24,104,1,45-54,2025-01-02,"8 min, 12 sec"
Nashik,Health & Wellness,75,941,97,635,1,45-54,2025-01-02,"9 min, 40 sec"
Satara,Smartphone Launches,175,685,22,397,1,18-24,2025-01-05,"5 min, 53 sec"
Mumbai,Education Campaigns,149,1233,56,154,2,35-44,2025-01-06,"7 min, 46 sec"
Pune,Smartphone Launches,60,1446,64,247,1,45-54,2025-01-08,"6 min, 58 sec"
Kolhapur,Food Promotions,139,1893,86,720,3,25-34,2025-01-03,"7 min, 10 sec"
Nashik,Travel Deals,223,848,93,101,1,35-44,2025-01-08,"4 min, 40 sec"
Pune,Health & Wellness,124,1314,70,828,3,25-34,2025-01-07,"9 min, 51 sec"
Mumbai,Fashion Trends,183,1023,26,784,1,25-34,2025-01-03,"8 min, 17 sec"
Nashik,Smartphone Launches,123,1989,70,507,3,35-44,2025-01-03,"3 min, 6 sec"
Kolhapur,Education Campaigns,151,1643,17,400,3,18-24,2025-01-01,"9 min, 51 sec"
Satara,Fashion Trends,203,1973,12,483,3,35-44,2025-01-05,"1 min, 33 sec"
Nagpur,Travel Deals,250,997,26,528,1,35-44,2025-01-07,"7 min, 11 sec"
Mumbai,E-commerce Sales,225,1513,78,707,1,35-44,2025-01-05,"3 min, 33 sec"
Pune,Cricket Events,65,1827,59,485,2,25-34,2025-01-04,"3 min, 34 sec"
Nagpur,Food Promotions,72,1426,91,919,2,18-24,2025-01-01,"4 min, 35 sec"
Mumbai,E-commerce Sales,189,1771,57,844,2,45-54,2025-01-08,"3 min, 25 sec"
Nagpur,Festival Offers,157,571,97,655,2,35-44,2025-01-07,"6 min, 7 sec"
Pune,Bollywood Movies,200,1321,26,848,1,25-34,2025-01-03,"5 min, 27 sec"
Kolhapur,Smartphone Launches,161,1628,40,199,1,45-54,2025-01-03,"5 min, 28 sec"
Pune,Food Promotions,115,1378,42,884,2,18-24,2025-01-03,"7 min, 59 sec"
Mumbai,Education Campaigns,144,850,29,779,1,35-44,2025-01-05,"4 min, 59 sec"
Mumbai,Festival Offers,266,1838,75,159,3,35-44,2025-01-08,"3 min, 4 sec"
Nagpur,Travel Deals,217,638,13,897,2,18-24,2025-01-02,"1 min, 18 sec"
Kolhapur,Bollywood Movies,144,860,49,553,1,25-34,2025-01-07,"7 min, 35 sec"
Pune,Food Promotions,284,1004,54,145,3,18-24,2025-01-07,"3 min, 44 sec"
Kolhapur,Travel Deals,222,863,33,259,3,35-44,2025-01-06,"2 min, 41 sec"
Nagpur,Travel Deals,164,1497,96,452,1,35-44,2025-01-05,"1 min, 21 sec"
Kolhapur,Smartphone Launches,104,1979,26,755,3,35-44,2025-01-02,"8 min, 10 sec"
Kolhapur,Food Promotions,281,1621,44,464,1,25-34,2025-01-09,"9 min, 42 sec"
Nashik,Health & Wellness,156,1076,73,209,2,35-44,2025-01-09,"1 min, 12 sec"
Satara,Cricket Events,279,1324,70,386,1,18-24,2025-01-07,"1 min, 42 sec"
Nashik,Food Promotions,277,1558,27,228,1,18-24,2025-01-09,"1 min, 9 sec"
Nashik,Smartphone Launches,151,741,77,394,2,18-24,2025-01-09,"5 min, 34 sec"
Mumbai,Bollywood Movies,227,1398,67,695,1,35-44,2025-01-06,"5 min, 57 sec"
Satara,Festival Offers,109,663,72,438,1,45-54,2025-01-01,"7 min, 22 sec"
Kolhapur,Smartphone Launches,199,1578,44,443,2,35-44,2025-01-04,"7 min, 20 sec"
Kolhapur,Travel Deals,285,996,75,332,3,35-44,2025-01-06,"1 min, 28 sec"
Mumbai,Cricket Events,159,1937,50,574,3,25-34,2025-01-06,"1 min, 0 sec"
Pune,Bollywood Movies,147,779,30,803,1,45-54,2025-01-01,"9 min, 1 sec"
Pune,Bollywood Movies,249,895,72,519,3,35-44,2025-01-09,"7 min, 19 sec"
Pune,Festival Offers,132,1213,47,857,2,35-44,2025-01-03,"3 min, 5 sec"
Satara,Bollywood Movies,247,897,26,488,1,25-34,2025-01-07,"4 min, 52 sec"
Mumbai,Festival Offers,107,1435,26,415,1,18-24,2025-01-01,"6 min, 31 sec"
Nagpur,Smartphone Launches,55,870,86,680,1,35-44,2025-01-02,"6 min, 56 sec"
Nagpur,Health & Wellness,91,1647,30,286,1,18-24,2025-01-03,"9 min, 51 sec"
Nashik,Travel Deals,66,1921,70,194,1,35-44,2025-01-04,"7 min, 14 sec"
Nagpur,Travel Deals,200,997,40,350,2,45-54,2025-01-09,"7 min, 32 sec"
Satara,Health & Wellness,59,1956,41,333,1,18-24,2025-01-03,"6 min, 28 sec"
Kolhapur,Education Campaigns,218,1107,82,540,3,18-24,2025-01-07,"7 min, 46 sec"
Pune,E-commerce Sales,121,1909,98,730,3,35-44,2025-01-07,"7 min, 0 sec"
Kolhapur,Health & Wellness,119,827,10,101,2,18-24,2025-01-09,"5 min, 28 sec"
Nagpur,Fashion Trends,298,1901,17,241,1,35-44,2025-01-01,"1 min, 43 sec"
Pune,Fashion Trends,217,1819,60,650,3,25-34,2025-01-03,"1 min, 6 sec"
Kolhapur,Smartphone Launches,206,1432,25,207,2,18-24,2025-01-03,"9 min, 18 sec"
Kolhapur,Smartphone Launches,242,1645,53,428,1,45-54,2025-01-02,"4 min, 16 sec"
Satara,Education Campaigns,83,1241,16,199,3,45-54,2025-01-09,"9 min, 45 sec"
Satara,Fashion Trends,72,1446,54,787,3,18-24,2025-01-07,"1 min, 12 sec"
Mumbai,Festival Offers,267,1859,97,393,3,25-34,2025-01-04,"3 min, 17 sec"
Nagpur,Health & Wellness,80,1100,73,809,3,25-34,2025-01-05,"2 min, 20 sec"
Kolhapur,Bollywood Movies,181,1892,75,402,1,35-44,2025-01-03,"6 min, 39 sec"
Nashik,Travel Deals,61,1666,24,550,3,45-54,2025-01-08,"5 min, 32 sec"
Mumbai,Cricket Events,111,1864,77,480,1,35-44,2025-01-03,"6 min, 57 sec"
Nashik,Bollywood Movies,130,1508,33,540,3,35-44,2025-01-02,"9 min, 9 sec"
Satara,Fashion Trends,148,1172,96,848,3,45-54,2025-01-01,"8 min, 20 sec"
Mumbai,Food Promotions,216,911,23,194,1,25-34,2025-01-03,"9 min, 13 sec"
Nagpur,E-commerce Sales,129,611,95,471,2,18-24,2025-01-01,"5 min, 35 sec"
Kolhapur,Bollywood Movies,269,1699,35,320,1,25-34,2025-01-05,"4 min, 7 sec"
Pune,Health & Wellness,152,611,89,539,1,35-44,2025-01-08,"2 min, 44 sec"
Mumbai,Health & Wellness,276,1378,77,796,3,18-24,2025-01-05,"2 min, 0 sec"
Mumbai,Health & Wellness,125,515,12,218,1,18-24,2025-01-08,"2 min, 42 sec"
Satara,Travel Deals,60,1749,75,694,3,45-54,2025-01-06,"6 min, 8 sec"
Mumbai,Fashion Trends,152,1243,34,408,3,35-44,2025-01-02,"3 min, 38 sec"
Satara,Bollywood Movies,275,1390,75,576,3,25-34,2025-01-01,"6 min, 47 sec"
Pune,Fashion Trends,250,1204,83,337,2,18-24,2025-01-06,"4 min, 38 sec"
Nagpur,Smartphone Launches,265,875,69,103,1,18-24,2025-01-09,"9 min, 3 sec"
Nagpur,Smartphone Launches,143,1628,54,271,2,35-44,2025-01-05,"4 min, 22 sec"
Kolhapur,Festival Offers,288,859,23,614,2,18-24,2025-01-07,"3 min, 55 sec"
Pune,Cricket Events,268,1852,44,785,3,25-34,2025-01-08,"1 min, 13 sec"
Satara,Health & Wellness,128,820,49,403,1,25-34,2025-01-06,"9 min, 52 sec"
Pune,Smartphone Launches,238,1387,89,629,1,35-44,2025-01-04,"2 min, 44 sec"
Mumbai,Smartphone Launches,142,726,38,641,3,18-24,2025-01-07,"3 min, 42 sec"
Nagpur,Education Campaigns,156,1725,98,587,2,35-44,2025-01-07,"5 min, 39 sec"
Nagpur,Festival Offers,111,1962,61,550,1,35-44,2025-01-06,"4 min, 30 sec"
Mumbai,E-commerce Sales,298,1651,96,104,2,35-44,2025-01-08,"3 min, 17 sec"
Mumbai,Festival Offers,234,632,59,425,3,35-44,2025-01-08,"5 min, 59 sec"
Nashik,Fashion Trends,253,573,69,950,1,25-34,2025-01-06,"2 min, 36 sec"
Mumbai,Fashion Trends,50,1524,46,251,3,45-54,2025-01-01,"4 min, 39 sec"
Mumbai,Smartphone Launches,143,1531,43,843,2,25-34,2025-01-01,"2 min, 38 sec"
Mumbai,Education Campaigns,79,1497,21,363,3,45-54,2025-01-04,"5 min, 20 sec"
Nashik,Cricket Events,232,685,18,901,3,45-54,2025-01-01,"9 min, 20 sec"
Satara,Bollywood Movies,99,879,10,723,1,35-44,2025-01-03,"1 min, 32 sec"
Nashik,Fashion Trends,234,708,42,548,1,35-44,2025-01-01,"7 min, 59 sec"
Pune,Fashion Trends,60,1746,79,666,1,18-24,2025-01-04,"3 min, 20 sec"
Pune,Health & Wellness,91,1917,25,686,3,35-44,2025-01-08,"8 min, 6 sec"
Nagpur,Education Campaigns,260,1416,10,760,2,25-34,2025-01-07,"2 min, 49 sec"
Mumbai,Food Promotions,270,1815,17,159,1,18-24,2025-01-08,"3 min, 36 sec"
Nashik,Cricket Events,234,1495,70,772,1,18-24,2025-01-04,"9 min, 53 sec"
Nashik,Bollywood Movies,182,806,25,858,1,25-34,2025-01-08,"6 min, 52 sec"
Nashik,Health & Wellness,250,636,83,649,1,18-24,2025-01-05,"7 min, 59 sec"
Kolhapur,E-commerce Sales,176,701,82,377,2,18-24,2025-01-02,"6 min, 41 sec"
Pune,Education Campaigns,212,1870,62,546,2,35-44,2025-01-03,"2 min, 46 sec"
Satara,Festival Offers,142,1198,11,995,1,45-54,2025-01-08,"8 min, 17 sec"
Nashik,Health & Wellness,201,881,56,489,3,18-24,2025-01-09,"4 min, 18 sec"
Satara,Food Promotions,139,1867,23,387,1,18-24,2025-01-08,"1 min, 9 sec"
Satara,Health & Wellness,92,1402,28,325,3,45-54,2025-01-03,"7 min, 25 sec"
Kolhapur,Bollywood Movies,119,654,77,308,3,35-44,2025-01-04,"8 min, 26 sec"
Nashik,Bollywood Movies,198,1065,84,249,3,45-54,2025-01-07,"5 min, 29 sec"
Nashik,Travel Deals,157,1377,39,568,2,45-54,2025-01-03,"7 min, 21 sec"
Nagpur,Education Campaigns,50,1043,55,638,2,25-34,2025-01-05,"1 min, 22 sec"
Pune,E-commerce Sales,276,1910,26,827,3,45-54,2025-01-08,"5 min, 26 sec"
Kolhapur,Fashion Trends,148,1249,27,567,1,35-44,2025-01-08,"8 min, 47 sec"
Mumbai,Travel Deals,287,1630,51,292,3,25-34,2025-01-06,"5 min, 52 sec"
Nashik,Smartphone Launches,84,816,82,365,2,25-34,2025-01-04,"5 min, 38 sec"
Satara,E-commerce Sales,152,918,60,151,2,18-24,2025-01-06,"1 min, 28 sec"
Pune,Cricket Events,122,917,93,311,3,25-34,2025-01-07,"7 min, 23 sec"
Mumbai,Fashion Trends,181,520,83,751,1,25-34,2025-01-03,"8 min, 3 sec"
Nagpur,Fashion Trends,229,1387,24,813,1,45-54,2025-01-05,"9 min, 38 sec"
Nagpur,Travel Deals,259,1864,76,694,2,25-34,2025-01-06,"7 min, 29 sec"
Mumbai,E-commerce Sales,194,582,97,686,2,25-34,2025-01-03,"2 min, 18 sec"
Nagpur,E-commerce Sales,229,1918,64,168,3,25-34,2025-01-02,"5 min, 18 sec"
Kolhapur,E-commerce Sales,293,1960,48,190,1,25-34,2025-01-02,"8 min, 34 sec"
Satara,E-commerce Sales,139,646,19,499,3,18-24,2025-01-08,"9 min, 59 sec"
Mumbai,Bollywood Movies,171,993,11,548,2,35-44,2025-01-02,"9 min, 56 sec"
Nagpur,Health & Wellness,294,1283,32,642,1,45-54,2025-01-07,"3 min, 50 sec"
Mumbai,E-commerce Sales,126,1764,38,475,1,35-44,2025-01-04,"8 min, 4 sec"
Satara,Travel Deals,112,1145,54,495,3,25-34,2025-01-05,"1 min, 47 sec"
Mumbai,Health & Wellness,295,1408,73,243,2,25-34,2025-01-01,"4 min, 10 sec"
Satara,Smartphone Launches,210,1171,92,554,2,35-44,2025-01-06,"8 min, 46 sec"
Kolhapur,Travel Deals,71,1993,38,982,3,35-44,2025-01-07,"9 min, 39 sec"
Satara,Cricket Events,250,1215,80,722,2,25-34,2025-01-09,"4 min, 27 sec"
Kolhapur,Fashion Trends,59,1473,76,817,3,25-34,2025-01-01,"5 min, 23 sec"
Nashik,Cricket Events,245,1253,79,940,3,18-24,2025-01-08,"1 min, 45 sec"
Nashik,Travel Deals,73,1019,49,333,1,35-44,2025-01-04,"6 min, 5 sec"
Kolhapur,Smartphone Launches,97,684,18,304,2,35-44,2025-01-03,"7 min, 51 sec"
Nagpur,Health & Wellness,268,1982,76,867,3,35-44,2025-01-07,"7 min, 0 sec"
Nagpur,Travel Deals,137,1397,68,843,2,35-44,2025-01-06,"2 min, 13 sec"
Kolhapur,Travel Deals,220,584,43,723,2,45-54,2025-01-09,"3 min, 12 sec"
Kolhapur,Food Promotions,73,1059,34,206,3,18-24,2025-01-08,"4 min, 44 sec"
Nashik,E-commerce Sales,213,1691,61,383,2,45-54,2025-01-08,"3 min, 14 sec"
Satara,Travel Deals,291,977,78,977,2,25-34,2025-01-01,"7 min, 16 sec"
Pune,Smartphone Launches,238,615,100,378,3,35-44,2025-01-09,"8 min, 34 sec"
Mumbai,Smartphone Launches,294,1705,65,991,3,35-44,2025-01-02,"3 min, 50 sec"
Nagpur,Fashion Trends,252,865,53,359,1,45-54,2025-01-03,"2 min, 58 sec"
Nashik,E-commerce Sales,73,1587,95,780,2,35-44,2025-01-01,"9 min, 57 sec"
Pune,Festival Offers,232,803,44,604,1,25-34,2025-01-05,"2 min, 11 sec"
Mumbai,Bollywood Movies,244,1075,95,961,2,18-24,2025-01-09,"6 min, 23 sec"
Kolhapur,Bollywood Movies,98,1574,33,103,1,18-24,2025-01-09,"9 min, 2 sec"
Pune,Health & Wellness,256,883,72,910,1,18-24,2025-01-09,"4 min, 19 sec"
Mumbai,Fashion Trends,136,1703,26,595,3,25-34,2025-01-05,"8 min, 51 sec"
Satara,Fashion Trends,246,1031,81,495,3,18-24,2025-01-01,"6 min, 36 sec"
Satara,Cricket Events,282,783,56,183,3,25-34,2025-01-01,"5 min, 29 sec"
Mumbai,Food Promotions,137,1809,22,931,3,18-24,2025-01-04,"1 min, 19 sec"
Satara,Bollywood Movies,264,1251,97,836,3,25-34,2025-01-01,"7 min, 55 sec"
Mumbai,Health & Wellness,98,552,93,337,3,45-54,2025-01-06,"7 min, 5 sec"
Nagpur,E-commerce Sales,228,1148,59,919,2,45-54,2025-01-04,"2 min, 19 sec"
Pune,Food Promotions,55,1442,19,509,1,18-24,2025-01-06,"6 min, 46 sec"
Kolhapur,Cricket Events,211,506,55,656,2,25-34,2025-01-05,"8 min, 38 sec"
Nashik,Festival Offers,229,1778,22,139,3,25-34,2025-01-06,"6 min, 9 sec"
Mumbai,Food Promotions,139,1940,85,545,2,35-44,2025-01-07,"6 min, 43 sec"
Nagpur,Travel Deals,274,1670,69,794,1,45-54,2025-01-01,"1 min, 11 sec"
Pune,Bollywood Movies,186,1935,16,903,1,35-44,2025-01-06,"9 min, 28 sec"
Pune,Travel Deals,199,1185,99,916,2,45-54,2025-01-08,"8 min, 48 sec"
Pune,Fashion Trends,63,1366,87,909,1,18-24,2025-01-07,"8 min, 42 sec"
Kolhapur,Education Campaigns,136,1639,30,737,2,35-44,2025-01-02,"4 min, 13 sec"
Nashik,Bollywood Movies,57,928,83,662,1,45-54,2025-01-04,"7 min, 27 sec"
Nashik,Food Promotions,116,1115,16,683,3,45-54,2025-01-05,"1 min, 49 sec"
Mumbai,Cricket Events,133,1187,98,235,2,45-54,2025-01-08,"1 min, 28 sec"
Nagpur,Food Promotions,190,1519,47,229,2,25-34,2025-01-08,"8 min, 54 sec"
Mumbai,Fashion Trends,265,715,49,729,2,35-44,2025-01-07,"8 min, 12 sec"
Nagpur,Health & Wellness,247,1822,83,749,3,25-34,2025-01-09,"8 min, 54 sec"
Nashik,Fashion Trends,109,1373,14,850,3,45-54,2025-01-04,"8 min, 4 sec"
Satara,Festival Offers,110,937,63,457,2,35-44,2025-01-02,"8 min, 40 sec"
Satara,Bollywood Movies,81,1800,75,552,2,35-44,2025-01-03,"8 min, 8 sec"
Mumbai,Cricket Events,89,631,43,518,3,35-44,2025-01-05,"2 min, 52 sec"
Satara,Festival Offers,83,807,58,971,1,35-44,2025-01-09,"2 min, 20 sec"
Pune,Bollywood Movies,162,1783,12,423,2,35-44,2025-01-07,"8 min, 12 sec"
Pune,Education Campaigns,250,1651,28,535,2,25-34,2025-01-02,"3 min, 32 sec"
Satara,Health & Wellness,145,1056,93,479,2,25-34,2025-01-09,"9 min, 4 sec"
Mumbai,Fashion Trends,269,1727,80,393,3,25-34,2025-01-04,"4 min, 13 sec"
Mumbai,Smartphone Launches,249,903,10,612,1,45-54,2025-01-01,"5 min, 45 sec"
Kolhapur,Festival Offers,275,1337,65,952,2,25-34,2025-01-01,"7 min, 58 sec"
Mumbai,Bollywood Movies,260,770,95,566,2,25-34,2025-01-07,"6 min, 59 sec"
Mumbai,E-commerce Sales,300,1782,35,767,2,35-44,2025-01-02,"3 min, 54 sec"
Satara,Fashion Trends,152,1707,17,538,3,35-44,2025-01-04,"9 min, 6 sec"
Kolhapur,Smartphone Launches,281,984,78,303,3,18-24,2025-01-01,"7 min, 41 sec"
Nagpur,Bollywood Movies,96,755,95,195,2,18-24,2025-01-08,"1 min, 57 sec"
Mumbai,Smartphone Launches,188,545,57,615,2,35-44,2025-01-05,"6 min, 20 sec"
Mumbai,Cricket Events,156,1626,44,445,1,25-34,2025-01-09,"8 min, 27 sec"
Nashik,Health & Wellness,264,1880,48,354,3,25-34,2025-01-01,"5 min, 24 sec"
Nagpur,Fashion Trends,255,776,66,289,2,18-24,2025-01-09,"1 min, 56 sec"
Satara,Smartphone Launches,126,928,82,407,1,35-44,2025-01-07,"8 min, 18 sec"
Nashik,Cricket Events,103,1196,27,795,3,45-54,2025-01-08,"9 min, 47 sec"
Nagpur,Education Campaigns,265,1892,90,849,3,18-24,2025-01-09,"8 min, 18 sec"
Mumbai,Bollywood Movies,179,1628,20,117,2,18-24,2025-01-06,"1 min, 9 sec"
Nashik,Education Campaigns,55,1902,66,450,3,35-44,2025-01-02,"1 min, 0 sec"
Nagpur,Health & Wellness,70,883,92,749,3,45-54,2025-01-09,"3 min, 11 sec"
Nagpur,Health & Wellness,139,1940,47,117,2,45-54,2025-01-02,"8 min, 9 sec"
Kolhapur,Smartphone Launches,62,1560,95,331,2,35-44,2025-01-02,"7 min, 39 sec"
Mumbai,Travel Deals,153,747,54,403,2,35-44,2025-01-05,"7 min, 34 sec"
Pune,Bollywood Movies,168,1829,15,660,3,25-34,2025-01-08,"5 min, 31 sec"
Nashik,Cricket Events,274,1544,67,899,2,35-44,2025-01-05,"6 min, 48 sec"
Nagpur,Festival Offers,226,1833,89,921,2,45-54,2025-01-07,"5 min, 29 sec"
Satara,Fashion Trends,113,1716,44,162,3,35-44,2025-01-01,"1 min, 43 sec"
Nagpur,Festival Offers,238,1129,90,600,1,18-24,2025-01-07,"8 min, 12 sec"
Satara,Festival Offers,292,1716,13,224,2,35-44,2025-01-02,"1 min, 37 sec"
Satara,Education Campaigns,211,1435,26,878,3,18-24,2025-01-07,"9 min, 48 sec"
Kolhapur,Education Campaigns,94,1722,67,590,1,18-24,2025-01-05,"1 min, 43 sec"
Kolhapur,Bollywood Movies,180,1934,44,638,3,18-24,2025-01-06,"4 min, 9 sec"
Satara,Cricket Events,184,1021,90,352,2,18-24,2025-01-03,"7 min, 45 sec"
Pune,Smartphone Launches,158,1424,28,943,2,25-34,2025-01-06,"3 min, 29 sec"
Nashik,E-commerce Sales,296,1684,68,629,2,45-54,2025-01-05,"1 min, 21 sec"
Mumbai,Health & Wellness,281,733,55,386,3,25-34,2025-01-06,"9 min, 49 sec"
Nagpur,Education Campaigns,192,741,16,724,1,25-34,2025-01-06,"9 min, 22 sec"
Pune,Health & Wellness,78,686,21,173,1,35-44,2025-01-03,"6 min, 37 sec"
Satara,E-commerce Sales,292,1654,60,866,3,25-34,2025-01-06,"7 min, 32 sec"
Nashik,E-commerce Sales,299,1136,64,535,2,25-34,2025-01-02,"9 min, 50 sec"
Satara,E-commerce Sales,276,1149,32,430,1,45-54,2025-01-09,"4 min, 36 sec"
Pune,E-commerce Sales,267,1298,100,580,1,25-34,2025-01-01,"3 min, 38 sec"
Nashik,Bollywood Movies,262,1563,40,312,3,45-54,2025-01-07,"6 min, 47 sec"
Nagpur,Cricket Events,87,1239,50,277,3,18-24,2025-01-07,"7 min, 5 sec"
Nashik,Cricket Events,288,1725,78,243,1,25-34,2025-01-09,"3 min, 28 sec"
Pune,Education Campaigns,258,1011,85,850,2,45-54,2025-01-07,"8 min, 13 sec"
Satara,E-commerce Sales,64,1787,95,725,1,35-44,2025-01-09,"1 min, 10 sec"
Satara,Smartphone Launches,86,1178,17,183,3,45-54,2025-01-03,"8 min, 25 sec"
Nashik,Festival Offers,82,1799,92,806,1,25-34,2025-01-04,"9 min, 32 sec"
Satara,Fashion Trends,87,1055,85,626,3,35-44,2025-01-08,"4 min, 51 sec"
Pune,Travel Deals,250,1104,35,691,3,35-44,2025-01-01,"2 min, 38 sec"
Satara,Bollywood Movies,234,1389,20,339,3,35-44,2025-01-05,"4 min, 41 sec"
Pune,E-commerce Sales,50,1118,72,801,1,35-44,2025-01-02,"7 min, 17 sec"
Satara,Smartphone Launches,131,621,77,327,2,18-24,2025-01-02,"5 min, 49 sec"
Satara,E-commerce Sales,231,1303,35,458,3,25-34,2025-01-04,"3 min, 48 sec"
Mumbai,Bollywood Movies,276,1531,53,870,2,45-54,2025-01-06,"8 min, 8 sec"
Nashik,Cricket Events,277,1497,43,992,1,45-54,2025-01-03,"6 min, 41 sec"
Kolhapur,Education Campaigns,231,1659,37,580,1,45-54,2025-01-05,"1 min, 31 sec"
Kolhapur,Bollywood Movies,223,1930,81,766,3,25-34,2025-01-04,"7 min, 34 sec"
Satara,Festival Offers,288,1607,74,592,2,45-54,2025-01-06,"1 min, 40 sec"
Nagpur,Education Campaigns,263,1942,18,760,3,35-44,2025-01-07,"8 min, 12 sec"
Satara,Education Campaigns,126,705,58,645,3,35-44,2025-01-05,"5 min, 19 sec"
Nashik,Smartphone Launches,206,1451,26,876,2,45-54,2025-01-04,"2 min, 58 sec"
Mumbai,Festival Offers,128,1257,93,713,2,35-44,2025-01-04,"6 min, 40 sec"
Pune,Cricket Events,117,1587,51,828,3,25-34,2025-01-09,"8 min, 40 sec"
Nagpur,Smartphone Launches,208,1339,66,210,3,45-54,2025-01-05,"3 min, 30 sec"
Nashik,Cricket Events,52,1965,89,348,2,18-24,2025-01-06,"5 min, 36 sec"
Nagpur,Travel Deals,93,1947,40,489,3,35-44,2025-01-03,"6 min, 50 sec"
Kolhapur,Travel Deals,65,919,84,635,3,35-44,2025-01-09,"1 min, 11 sec"
Mumbai,Health & Wellness,88,572,84,195,3,35-44,2025-01-01,"5 min, 12 sec"
Nashik,Cricket Events,272,1263,36,159,1,18-24,2025-01-01,"4 min, 25 sec"
Pune,Health & Wellness,248,1690,11,990,3,18-24,2025-01-07,"4 min, 8 sec"
Nagpur,Cricket Events,97,1610,25,676,3,18-24,2025-01-08,"2 min, 15 sec"
Kolhapur,Health & Wellness,79,1703,10,125,2,45-54,2025-01-08,"6 min, 27 sec"
Pune,E-commerce Sales,283,1882,85,496,2,45-54,2025-01-05,"3 min, 0 sec"
Nagpur,Bollywood Movies,196,1533,62,801,3,35-44,2025-01-08,"5 min, 44 sec"
Mumbai,Fashion Trends,114,515,12,792,2,18-24,2025-01-03,"4 min, 34 sec"
Kolhapur,Smartphone Launches,299,518,39,325,3,35-44,2025-01-03,"5 min, 4 sec"
Nashik,Bollywood Movies,284,1523,51,648,2,25-34,2025-01-08,"7 min, 49 sec"
Kolhapur,Travel Deals,233,1400,28,506,2,18-24,2025-01-08,"7 min, 2 sec"
Mumbai,Fashion Trends,199,1960,85,467,3,35-44,2025-01-09,"9 min, 29 sec"
Nashik,Food Promotions,277,1020,50,275,1,45-54,2025-01-09,"3 min, 49 sec"
Nashik,Travel Deals,197,865,72,749,3,45-54,2025-01-06,"2 min, 17 sec"
Satara,E-commerce Sales,109,1264,12,581,3,18-24,2025-01-01,"2 min, 59 sec"
Mumbai,Health & Wellness,144,1748,92,447,3,18-24,2025-01-07,"2 min, 18 sec"
Pune,Festival Offers,105,1667,87,895,1,18-24,2025-01-01,"5 min, 36 sec"
Mumbai,Education Campaigns,57,1518,40,408,2,25-34,2025-01-03,"4 min, 16 sec"
Nagpur,Health & Wellness,267,1714,77,408,1,18-24,2025-01-02,"2 min, 45 sec"
Kolhapur,Education Campaigns,170,1661,47,237,2,25-34,2025-01-07,"9 min, 1 sec"
Satara,Smartphone Launches,155,1061,77,125,2,45-54,2025-01-09,"9 min, 56 sec"
Nashik,Health & Wellness,64,926,63,973,1,25-34,2025-01-05,"6 min, 2 sec"
Nashik,Food Promotions,273,504,51,469,2,45-54,2025-01-01,"6 min, 36 sec"
Nagpur,Travel Deals,104,1681,42,213,3,35-44,2025-01-04,"9 min, 3 sec"
Satara,Education Campaigns,242,1287,28,282,1,18-24,2025-01-07,"8 min, 47 sec"
Pune,Cricket Events,236,1357,41,548,3,35-44,2025-01-08,"1 min, 11 sec"
Mumbai,Education Campaigns,277,1749,51,927,1,25-34,2025-01-06,"8 min, 51 sec"
Pune,E-commerce Sales,188,649,84,535,1,25-34,2025-01-04,"2 min, 32 sec"
Nagpur,Bollywood Movies,242,1535,40,897,1,25-34,2025-01-01,"6 min, 48 sec"
Mumbai,Festival Offers,125,722,74,561,3,35-44,2025-01-07,"4 min, 9 sec"
Nagpur,Food Promotions,103,1563,88,697,3,18-24,2025-01-05,"5 min, 14 sec"
Satara,Smartphone Launches,280,1333,90,176,1,18-24,2025-01-05,"8 min, 57 sec"
Satara,Education Campaigns,127,1780,81,211,2,18-24,2025-01-06,"5 min, 1 sec"
Nashik,Smartphone Launches,135,1893,72,460,3,45-54,2025-01-01,"4 min, 0 sec"
Nashik,E-commerce Sales,95,1817,77,744,1,45-54,2025-01-02,"4 min, 28 sec"
Nagpur,Bollywood Movies,80,1443,26,951,3,45-54,2025-01-03,"4 min, 54 sec"
Nagpur,Travel Deals,271,1432,44,235,3,18-24,2025-01-07,"5 min, 7 sec"
Satara,Food Promotions,93,1890,31,560,2,18-24,2025-01-02,"1 min, 11 sec"
Satara,Food Promotions,265,668,33,120,1,18-24,2025-01-05,"7 min, 49 sec"
Kolhapur,Travel Deals,264,1927,22,350,1,25-34,2025-01-06,"2 min, 33 sec"
Pune,Bollywood Movies,194,1914,72,974,3,45-54,2025-01-09,"9 min, 22 sec"
Mumbai,Fashion Trends,101,756,53,202,2,18-24,2025-01-03,"4 min, 51 sec"
Pune,Smartphone Launches,172,1861,30,101,1,35-44,2025-01-07,"1 min, 58 sec"
Satara,Education Campaigns,297,1031,81,515,3,18-24,2025-01-08,"3 min, 24 sec"
Satara,Smartphone Launches,285,749,80,292,2,45-54,2025-01-09,"6 min, 39 sec"
Nashik,Festival Offers,167,1404,30,318,2,25-34,2025-01-04,"1 min, 52 sec"
Satara,Health & Wellness,118,951,44,886,3,35-44,2025-01-03,"3 min, 11 sec"
Nashik,Bollywood Movies,262,1865,14,599,3,45-54,2025-01-07,"7 min, 12 sec"
Pune,Fashion Trends,254,585,66,676,3,45-54,2025-01-08,"1 min, 49 sec"
Nashik,Fashion Trends,79,1958,20,687,2,18-24,2025-01-01,"5 min, 14 sec"
Pune,E-commerce Sales,153,1685,73,617,1,35-44,2025-01-05,"7 min, 21 sec"
Pune,Health & Wellness,210,1237,60,493,1,45-54,2025-01-05,"1 min, 5 sec"
Satara,Cricket Events,148,963,32,845,3,25-34,2025-01-08,"1 min, 28 sec"
Pune,Health & Wellness,165,1755,82,850,1,25-34,2025-01-01,"9 min, 6 sec"
Satara,Food Promotions,219,1967,40,136,2,35-44,2025-01-09,"5 min, 22 sec"
Kolhapur,Cricket Events,54,802,91,318,3,25-34,2025-01-04,"9 min, 15 sec"
Pune,Education Campaigns,142,1699,91,722,3,45-54,2025-01-03,"1 min, 27 sec"
Mumbai,Fashion Trends,269,1755,90,223,2,45-54,2025-01-06,"8 min, 33 sec"
Mumbai,Health & Wellness,133,645,67,278,1,25-34,2025-01-02,"8 min, 8 sec"
Nagpur,Cricket Events,124,1201,87,779,1,25-34,2025-01-01,"8 min, 2 sec"
Pune,Fashion Trends,114,1028,33,841,3,45-54,2025-01-02,"6 min, 1 sec"
Nashik,E-commerce Sales,101,1027,65,306,2,25-34,2025-01-05,"3 min, 15 sec"
Kolhapur,E-commerce Sales,204,1638,37,188,1,25-34,2025-01-02,"5 min, 44 sec"
Satara,Education Campaigns,79,1225,37,265,1,18-24,2025-01-03,"5 min, 50 sec"
Nagpur,Health & Wellness,289,624,57,863,3,45-54,2025-01-07,"6 min, 27 sec"
Mumbai,Cricket Events,149,1451,95,355,2,45-54,2025-01-02,"2 min, 11 sec"
Kolhapur,Cricket Events,265,1111,67,372,2,45-54,2025-01-02,"4 min, 28 sec"
Satara,Bollywood Movies,157,1423,86,874,2,18-24,2025-01-04,"5 min, 38 sec"
Mumbai,Festival Offers,194,714,51,860,3,25-34,2025-01-06,"4 min, 26 sec"
Satara,Cricket Events,289,1564,18,374,2,25-34,2025-01-04,"7 min, 49 sec"
Kolhapur,Festival Offers,219,1387,87,104,3,18-24,2025-01-05,"3 min, 3 sec"
Kolhapur,Festival Offers,216,1128,10,415,3,45-54,2025-01-06,"7 min, 2 sec"
Satara,Food Promotions,79,1450,64,947,2,45-54,2025-01-03,"8 min, 40 sec"
Mumbai,Education Campaigns,261,964,11,182,1,45-54,2025-01-07,"1 min, 36 sec"
Mumbai,Food Promotions,98,826,73,205,3,45-54,2025-01-09,"6 min, 46 sec"
Nashik,E-commerce Sales,97,780,46,900,2,25-34,2025-01-08,"5 min, 21 sec"
Satara,Education Campaigns,241,912,11,107,1,25-34,2025-01-05,"9 min, 41 sec"
Pune,Cricket Events,171,841,39,934,3,18-24,2025-01-04,"4 min, 47 sec"
Nashik,Education Campaigns,260,1303,30,349,3,25-34,2025-01-08,"9 min, 47 sec"
Satara,Bollywood Movies,259,1515,30,628,2,35-44,2025-01-05,"6 min, 25 sec"
Nashik,E-commerce Sales,63,1055,91,645,2,18-24,2025-01-02,"1 min, 45 sec"
Kolhapur,Cricket Events,299,1087,80,110,3,45-54,2025-01-01,"8 min, 32 sec"
Satara,Food Promotions,228,1385,40,257,1,35-44,2025-01-08,"5 min, 21 sec"
Satara,Education Campaigns,74,1668,38,589,1,18-24,2025-01-09,"2 min, 43 sec"
Kolhapur,Education Campaigns,154,1144,43,935,2,18-24,2025-01-02,"4 min, 5 sec"
Mumbai,Festival Offers,154,1952,14,579,3,35-44,2025-01-03,"5 min, 21 sec"
Satara,Festival Offers,287,1560,65,552,3,45-54,2025-01-08,"8 min, 47 sec"
Mumbai,Bollywood Movies,110,1432,88,901,3,18-24,2025-01-05,"4 min, 40 sec"
Satara,Travel Deals,193,1270,89,412,1,18-24,2025-01-02,"3 min, 39 sec"
Nagpur,Food Promotions,111,1684,73,440,2,45-54,2025-01-05,"7 min, 19 sec"
Mumbai,Cricket Events,85,1707,51,547,1,45-54,2025-01-07,"5 min, 55 sec"
Pune,Bollywood Movies,295,1894,96,959,2,25-34,2025-01-01,"2 min, 25 sec"
Pune,Cricket Events,170,968,24,138,3,35-44,2025-01-08,"2 min, 18 sec"
Mumbai,Fashion Trends,78,1132,30,645,1,18-24,2025-01-06,"5 min, 56 sec"
Nagpur,Travel Deals,287,1216,81,639,2,35-44,2025-01-06,"4 min, 46 sec"
Mumbai,Education Campaigns,78,1992,87,463,1,35-44,2025-01-08,"2 min, 14 sec"
Kolhapur,E-commerce Sales,133,1219,31,344,3,18-24,2025-01-01,"2 min, 3 sec"
Nashik,Food Promotions,63,1072,43,346,3,45-54,2025-01-08,"8 min, 1 sec"
Nagpur,Bollywood Movies,183,582,51,529,1,35-44,2025-01-04,"6 min, 18 sec"
Satara,Education Campaigns,194,1578,34,478,1,45-54,2025-01-07,"8 min, 22 sec"
Satara,Smartphone Launches,199,1157,67,483,1,25-34,2025-01-04,"3 min, 32 sec"
Mumbai,Bollywood Movies,193,1169,99,463,1,35-44,2025-01-01,"4 min, 36 sec"
Satara,Fashion Trends,274,1037,42,281,2,18-24,2025-01-05,"8 min, 2 sec"
Nagpur,E-commerce Sales,117,882,90,667,2,18-24,2025-01-06,"6 min, 15 sec"
Nashik,Food Promotions,246,1352,80,767,3,45-54,2025-01-03,"6 min, 53 sec"
Nashik,Education Campaigns,115,1639,58,844,1,18-24,2025-01-04,"6 min, 30 sec"
Nashik,Food Promotions,161,1764,45,530,2,18-24,2025-01-05,"6 min, 55 sec"
Pune,Fashion Trends,180,1149,92,457,1,45-54,2025-01-05,"9 min, 6 sec"
Kolhapur,Festival Offers,204,779,95,363,2,45-54,2025-01-08,"6 min, 30 sec"
Nashik,Travel Deals,135,658,82,192,3,18-24,2025-01-03,"2 min, 22 sec"
Kolhapur,Fashion Trends,72,779,84,768,2,18-24,2025-01-08,"1 min, 48 sec"
Satara,Cricket Events,138,546,29,383,1,18-24,2025-01-09,"9 min, 41 sec"
Nashik,Travel Deals,178,901,59,339,3,35-44,2025-01-04,"5 min, 52 sec"
Nagpur,Festival Offers,164,516,89,165,1,35-44,2025-01-04,"3 min, 31 sec"
Nashik,Health & Wellness,165,1640,44,419,3,18-24,2025-01-08,"5 min, 9 sec"
Pune,Food Promotions,71,869,64,627,2,45-54,2025-01-05,"5 min, 44 sec"
Nashik,Food Promotions,204,700,53,758,3,35-44,2025-01-03,"8 min, 41 sec"
Pune,Food Promotions,111,1147,58,317,2,25-34,2025-01-06,"1 min, 12 sec"
Kolhapur,E-commerce Sales,218,860,42,362,2,25-34,2025-01-05,"4 min, 20 sec"
Kolhapur,Bollywood Movies,94,816,73,879,1,35-44,2025-01-09,"5 min, 23 sec"
Satara,Cricket Events,156,1149,51,995,1,45-54,2025-01-02,"4 min, 59 sec"
Nashik,Bollywood Movies,113,695,97,364,2,45-54,2025-01-04,"1 min, 17 sec"
Kolhapur,Fashion Trends,184,925,15,214,1,45-54,2025-01-03,"1 min, 19 sec"
Kolhapur,Fashion Trends,154,793,89,328,1,18-24,2025-01-05,"6 min, 25 sec"
Pune,Travel Deals,65,1789,17,979,3,35-44,2025-01-08,"8 min, 54 sec"
Nashik,Health & Wellness,59,715,55,515,1,35-44,2025-01-04,"7 min, 57 sec"
Nashik,Food Promotions,53,1215,33,380,1,25-34,2025-01-05,"6 min, 17 sec"
Nashik,Education Campaigns,192,565,35,912,2,45-54,2025-01-07,"3 min, 41 sec"
Satara,Travel Deals,99,775,95,439,1,35-44,2025-01-04,"6 min, 0 sec"
Satara,Bollywood Movies,260,919,82,595,1,35-44,2025-01-01,"7 min, 13 sec"
Pune,Bollywood Movies,239,697,99,616,2,45-54,2025-01-07,"8 min, 40 sec"
Pune,Fashion Trends,68,1291,42,847,3,35-44,2025-01-01,"2 min, 23 sec"
Mumbai,Travel Deals,193,1576,87,123,1,35-44,2025-01-04,"2 min, 31 sec"
Nashik,Bollywood Movies,154,963,51,294,3,45-54,2025-01-01,"5 min, 48 sec"
Satara,Festival Offers,227,1380,61,234,3,18-24,2025-01-04,"2 min, 10 sec"
Pune,Cricket Events,214,1513,71,672,3,18-24,2025-01-05,"2 min, 22 sec"
Nashik,Bollywood Movies,228,1189,15,756,1,45-54,2025-01-07,"9 min, 52 sec"
Satara,Smartphone Launches,209,1894,98,192,3,25-34,2025-01-04,"6 min, 4 sec"
Nashik,Education Campaigns,68,970,83,519,3,35-44,2025-01-07,"7 min, 44 sec"
Nagpur,E-commerce Sales,251,905,95,970,3,25-34,2025-01-08,"3 min, 12 sec"
Nagpur,Food Promotions,276,696,99,460,2,25-34,2025-01-08,"2 min, 35 sec"
Nagpur,Festival Offers,100,534,57,547,2,35-44,2025-01-01,"6 min, 49 sec"
Kolhapur,Food Promotions,87,1526,92,794,1,45-54,2025-01-09,"5 min, 52 sec"
Pune,E-commerce Sales,215,796,58,401,3,35-44,2025-01-06,"6 min, 23 sec"
Pune,Festival Offers,248,1754,49,606,1,45-54,2025-01-08,"3 min, 56 sec"
Satara,Festival Offers,140,1516,40,751,1,18-24,2025-01-05,"4 min, 29 sec"
Kolhapur,Travel Deals,299,1136,37,388,3,18-24,2025-01-02,"5 min, 39 sec"
Nagpur,Smartphone Launches,245,1856,47,104,1,35-44,2025-01-04,"8 min, 23 sec"
Pune,Food Promotions,150,1122,88,325,1,35-44,2025-01-09,"3 min, 29 sec"
Nagpur,Festival Offers,139,1351,63,127,1,25-34,2025-01-01,"1 min, 49 sec"
Mumbai,Health & Wellness,246,1849,59,957,2,35-44,2025-01-08,"4 min, 50 sec"
Mumbai,Health & Wellness,124,664,76,589,1,25-34,2025-01-04,"9 min, 32 sec"
Nashik,Festival Offers,84,1489,14,449,2,18-24,2025-01-05,"3 min, 48 sec"
Satara,Travel Deals,114,632,69,361,2,25-34,2025-01-05,"8 min, 56 sec"
Mumbai,Food Promotions,64,823,97,616,2,25-34,2025-01-08,"1 min, 58 sec"
Pune,Food Promotions,282,1131,58,433,1,45-54,2025-01-03,"6 min, 35 sec"
Nagpur,Festival Offers,65,604,19,437,2,25-34,2025-01-04,"9 min, 11 sec"
Nagpur,Travel Deals,178,1976,45,163,3,25-34,2025-01-06,"9 min, 58 sec"
Satara,Travel Deals,131,1209,13,221,3,45-54,2025-01-02,"2 min, 38 sec"
Nashik,E-commerce Sales,86,1910,65,704,1,25-34,2025-01-07,"7 min, 37 sec"
Kolhapur,Education Campaigns,276,1108,25,242,1,25-34,2025-01-08,"3 min, 34 sec"
Nashik,E-commerce Sales,68,1796,49,863,2,35-44,2025-01-01,"2 min, 43 sec"
Nagpur,E-commerce Sales,221,1470,20,163,1,45-54,2025-01-06,"7 min, 31 sec"
Pune,Festival Offers,117,1536,68,405,3,18-24,2025-01-01,"9 min, 24 sec"
Pune,Cricket Events,136,1388,13,115,3,35-44,2025-01-09,"1 min, 38 sec"
Pune,Smartphone Launches,201,972,57,161,1,18-24,2025-01-03,"7 min, 44 sec"
Mumbai,Smartphone Launches,208,1785,62,460,1,18-24,2025-01-09,"1 min, 31 sec"
Nagpur,Health & Wellness,224,1680,60,925,2,18-24,2025-01-06,"7 min, 26 sec"
Nashik,Education Campaigns,119,1100,83,997,1,18-24,2025-01-06,"6 min, 30 sec"
Kolhapur,Education Campaigns,167,1309,87,982,3,35-44,2025-01-04,"6 min, 48 sec"
Nagpur,E-commerce Sales,153,1118,69,520,1,35-44,2025-01-08,"4 min, 53 sec"
Pune,Cricket Events,209,1139,34,865,1,45-54,2025-01-02,"6 min, 37 sec"
Nagpur,Fashion Trends,131,507,59,904,1,18-24,2025-01-08,"2 min, 34 sec"
Nashik,Education Campaigns,117,772,91,350,2,45-54,2025-01-03,"2 min, 43 sec"
Mumbai,E-commerce Sales,73,754,16,760,2,18-24,2025-01-09,"7 min, 48 sec"
Kolhapur,Education Campaigns,233,549,17,593,1,45-54,2025-01-04,"7 min, 18 sec"
Mumbai,Education Campaigns,129,924,94,508,1,45-54,2025-01-03,"3 min, 15 sec"
Nashik,Bollywood Movies,135,540,20,870,3,25-34,2025-01-04,"1 min, 23 sec"
Nashik,E-commerce Sales,273,1444,59,311,2,45-54,2025-01-02,"6 min, 31 sec"
Nagpur,Fashion Trends,255,1558,51,504,1,45-54,2025-01-02,"7 min, 40 sec"
Satara,Education Campaigns,70,868,79,458,2,45-54,2025-01-08,"9 min, 1 sec"
Satara,E-commerce Sales,60,674,33,853,1,35-44,2025-01-04,"2 min, 26 sec"
Nashik,Cricket Events,214,990,97,236,3,35-44,2025-01-08,"2 min, 57 sec"
Pune,Festival Offers,224,675,11,830,1,35-44,2025-01-04,"6 min, 43 sec"
Satara,Cricket Events,275,1170,99,206,3,25-34,2025-01-03,"3 min, 5 sec"
Satara,E-commerce Sales,274,1410,86,575,1,45-54,2025-01-02,"8 min, 45 sec"
Nashik,Cricket Events,222,901,67,981,2,35-44,2025-01-03,"6 min, 46 sec"
Mumbai,Bollywood Movies,84,1710,63,104,2,35-44,2025-01-03,"9 min, 12 sec"
Pune,Education Campaigns,224,577,82,121,2,18-24,2025-01-05,"3 min, 42 sec"
Mumbai,Fashion Trends,106,1296,11,464,2,35-44,2025-01-06,"8 min, 12 sec"
Nashik,Fashion Trends,124,1197,30,491,1,35-44,2025-01-07,"5 min, 34 sec"
Nashik,Education Campaigns,128,1184,87,391,1,18-24,2025-01-05,"6 min, 4 sec"
Nashik,Food Promotions,93,541,38,863,1,25-34,2025-01-04,"4 min, 20 sec"
Kolhapur,E-commerce Sales,99,872,92,861,1,25-34,2025-01-01,"6 min, 51 sec"
Kolhapur,Health & Wellness,94,1992,77,346,1,45-54,2025-01-01,"4 min, 53 sec"
Nagpur,Travel Deals,62,625,69,320,1,45-54,2025-01-05,"9 min, 29 sec"
Satara,Health & Wellness,244,583,58,868,2,25-34,2025-01-05,"6 min, 1 sec"
Satara,Food Promotions,100,1618,98,251,2,25-34,2025-01-05,"8 min, 6 sec"
Nagpur,Food Promotions,185,1744,38,363,2,45-54,2025-01-04,"1 min, 52 sec"
Pune,Smartphone Launches,173,1151,21,728,1,45-54,2025-01-02,"3 min, 0 sec"
Nashik,Bollywood Movies,83,1008,78,317,1,35-44,2025-01-01,"5 min, 58 sec"
Kolhapur,Food Promotions,158,1060,13,906,3,25-34,2025-01-02,"6 min, 11 sec"
Nagpur,Education Campaigns,282,1105,72,974,2,25-34,2025-01-01,"7 min, 46 sec"
Nashik,Travel Deals,80,542,88,320,1,18-24,2025-01-09,"5 min, 22 sec"
Pune,Travel Deals,208,1048,54,986,3,25-34,2025-01-09,"3 min, 25 sec"
Nagpur,Health & Wellness,296,1999,86,657,1,45-54,2025-01-09,"9 min, 16 sec"
Mumbai,Food Promotions,54,1271,66,928,3,45-54,2025-01-04,"3 min, 25 sec"
Nagpur,Fashion Trends,258,820,18,321,1,18-24,2025-01-09,"8 min, 54 sec"
Satara,Festival Offers,116,1561,63,435,2,25-34,2025-01-04,"1 min, 48 sec"
Nashik,Festival Offers,244,1508,48,449,1,25-34,2025-01-04,"3 min, 14 sec"
Kolhapur,Health & Wellness,259,596,61,463,2,35-44,2025-01-03,"6 min, 51 sec"
Mumbai,Education Campaigns,81,722,71,687,1,25-34,2025-01-02,"3 min, 49 sec"
Pune,Food Promotions,210,1046,79,362,2,25-34,2025-01-08,"3 min, 46 sec"
Pune,Education Campaigns,193,707,98,339,1,25-34,2025-01-06,"5 min, 50 sec"
Nashik,Smartphone Launches,231,1130,65,183,2,18-24,2025-01-01,"2 min, 24 sec"
Pune,Festival Offers,230,507,45,530,1,18-24,2025-01-04,"9 min, 2 sec"
Kolhapur,Festival Offers,230,1689,67,178,1,18-24,2025-01-06,"2 min, 58 sec"
Kolhapur,Smartphone Launches,128,1099,27,489,3,35-44,2025-01-01,"2 min, 6 sec"
Kolhapur,Festival Offers,191,1971,20,836,2,25-34,2025-01-03,"9 min, 58 sec"
Mumbai,Bollywood Movies,61,1507,92,791,2,25-34,2025-01-01,"7 min, 21 sec"
Nashik,E-commerce Sales,130,736,61,265,3,35-44,2025-01-01,"5 min, 0 sec"
Pune,Cricket Events,66,960,58,109,3,45-54,2025-01-03,"8 min, 44 sec"
Kolhapur,Smartphone Launches,52,516,59,553,3,45-54,2025-01-03,"7 min, 22 sec"
Satara,Travel Deals,87,1562,90,783,1,35-44,2025-01-05,"7 min, 32 sec"
Nashik,Fashion Trends,234,1905,59,553,3,35-44,2025-01-03,"3 min, 41 sec"
Mumbai,Smartphone Launches,94,1740,45,909,3,18-24,2025-01-04,"8 min, 50 sec"
Nagpur,Education Campaigns,295,632,52,204,2,18-24,2025-01-06,"9 min, 31 sec"
Nashik,Smartphone Launches,82,1255,21,772,1,25-34,2025-01-07,"9 min, 36 sec"
Nagpur,E-commerce Sales,264,1546,77,346,1,18-24,2025-01-03,"7 min, 27 sec"
Nashik,Festival Offers,256,988,32,545,1,18-24,2025-01-01,"2 min, 57 sec"
Satara,Smartphone Launches,116,1191,94,720,2,45-54,2025-01-04,"9 min, 48 sec"
Pune,E-commerce Sales,287,1359,82,691,1,18-24,2025-01-09,"3 min, 16 sec"
Mumbai,Bollywood Movies,180,1617,34,951,3,35-44,2025-01-01,"2 min, 35 sec"
Mumbai,Smartphone Launches,103,1991,35,261,1,18-24,2025-01-01,"1 min, 6 sec"
Pune,Education Campaigns,256,1928,17,538,3,35-44,2025-01-01,"6 min, 2 sec"
Satara,Cricket Events,99,612,100,993,2,25-34,2025-01-01,"4 min, 10 sec"
Nagpur,Cricket Events,266,939,71,566,2,35-44,2025-01-06,"5 min, 52 sec"
Pune,E-commerce Sales,192,752,62,502,2,18-24,2025-01-02,"5 min, 23 sec"
Pune,Festival Offers,256,1780,79,640,1,45-54,2025-01-03,"9 min, 18 sec"
Nashik,Health & Wellness,235,1452,61,547,2,25-34,2025-01-03,"1 min, 59 sec"
Nashik,Health & Wellness,103,1981,66,932,2,18-24,2025-01-06,"8 min, 52 sec"
Mumbai,E-commerce Sales,216,693,54,183,1,25-34,2025-01-03,"2 min, 45 sec"
Kolhapur,Smartphone Launches,180,1346,36,708,3,45-54,2025-01-08,"9 min, 39 sec"
Mumbai,Festival Offers,150,1186,87,440,1,18-24,2025-01-09,"6 min, 41 sec"
Nagpur,Education Campaigns,148,1224,61,300,2,18-24,2025-01-05,"2 min, 26 sec"
Nashik,Health & Wellness,152,1189,57,742,1,18-24,2025-01-01,"1 min, 38 sec"
Mumbai,Festival Offers,112,811,73,442,1,45-54,2025-01-02,"4 min, 18 sec"
Pune,Festival Offers,284,526,71,978,3,18-24,2025-01-05,"5 min, 26 sec"
Nagpur,Food Promotions,297,834,20,113,2,25-34,2025-01-01,"7 min, 37 sec"
Nagpur,Fashion Trends,223,1201,15,750,3,18-24,2025-01-08,"7 min, 17 sec"
Pune,Festival Offers,118,1370,60,232,3,25-34,2025-01-08,"4 min, 31 sec"
Mumbai,Travel Deals,124,873,19,259,1,25-34,2025-01-05,"3 min, 2 sec"
Kolhapur,Smartphone Launches,220,573,22,771,1,35-44,2025-01-06,"7 min, 34 sec"
Nagpur,Education Campaigns,206,1833,46,366,2,18-24,2025-01-08,"2 min, 46 sec"
Nashik,Fashion Trends,192,1017,52,771,3,35-44,2025-01-02,"7 min, 16 sec"
Nashik,Festival Offers,90,1352,81,859,1,18-24,2025-01-03,"4 min, 17 sec"
Kolhapur,Smartphone Launches,233,1976,46,725,3,35-44,2025-01-09,"2 min, 3 sec"
Mumbai,Cricket Events,167,1884,16,802,3,25-34,2025-01-03,"8 min, 53 sec"
Mumbai,Education Campaigns,210,833,81,875,1,18-24,2025-01-07,"8 min, 9 sec"
Pune,Food Promotions,74,975,65,887,1,35-44,2025-01-07,"7 min, 33 sec"
Satara,Smartphone Launches,139,1393,42,856,1,35-44,2025-01-04,"1 min, 41 sec"
Pune,Festival Offers,150,948,15,329,3,18-24,2025-01-07,"3 min, 44 sec"
Mumbai,Smartphone Launches,162,802,54,885,1,25-34,2025-01-06,"5 min, 45 sec"
Pune,Travel Deals,205,1998,12,472,2,18-24,2025-01-07,"9 min, 39 sec"
Nagpur,Education Campaigns,74,707,38,402,1,18-24,2025-01-07,"4 min, 4 sec"
Pune,Travel Deals,134,1722,28,207,2,45-54,2025-01-08,"9 min, 57 sec"
Satara,Bollywood Movies,127,970,48,722,2,35-44,2025-01-06,"5 min, 25 sec"
Pune,Food Promotions,167,1035,50,731,2,45-54,2025-01-09,"7 min, 22 sec"
Nagpur,Travel Deals,236,1117,40,761,1,18-24,2025-01-01,"7 min, 25 sec"
Satara,Festival Offers,78,531,66,588,3,35-44,2025-01-06,"1 min, 3 sec"
Mumbai,Health & Wellness,166,1193,60,749,2,45-54,2025-01-04,"5 min, 39 sec"
Kolhapur,Bollywood Movies,235,1747,53,692,1,35-44,2025-01-01,"5 min, 21 sec"
Pune,Bollywood Movies,280,734,24,937,1,45-54,2025-01-02,"3 min, 2 sec"
Nashik,Education Campaigns,157,1054,17,480,1,35-44,2025-01-07,"4 min, 2 sec"
Pune,Cricket Events,66,1674,38,612,1,25-34,2025-01-05,"6 min, 49 sec"
Nashik,Fashion Trends,116,670,24,371,2,45-54,2025-01-08,"2 min, 25 sec"
Satara,E-commerce Sales,152,1640,23,878,1,18-24,2025-01-03,"9 min, 49 sec"
Kolhapur,Smartphone Launches,80,1960,17,736,2,25-34,2025-01-08,"1 min, 24 sec"
Mumbai,Food Promotions,225,1923,22,265,3,35-44,2025-01-09,"4 min, 18 sec"
Pune,Cricket Events,213,1901,71,650,3,45-54,2025-01-04,"9 min, 56 sec"
Nashik,Cricket Events,298,1506,76,617,1,18-24,2025-01-06,"7 min, 43 sec"
Satara,Festival Offers,245,1562,51,411,3,35-44,2025-01-07,"3 min, 4 sec"
Mumbai,Health & Wellness,149,1391,42,215,1,45-54,2025-01-03,"9 min, 42 sec"
Mumbai,Festival Offers,178,1516,14,576,3,35-44,2025-01-08,"4 min, 18 sec"
Nagpur,Food Promotions,250,1955,43,836,2,35-44,2025-01-03,"7 min, 41 sec"
Nagpur,Education Campaigns,88,1811,94,629,1,35-44,2025-01-07,"2 min, 10 sec"
Nagpur,Smartphone Launches,295,1175,100,533,3,35-44,2025-01-08,"7 min, 30 sec"
Mumbai,Food Promotions,266,861,28,818,3,25-34,2025-01-03,"6 min, 31 sec"
Nagpur,E-commerce Sales,255,1833,26,382,2,18-24,2025-01-06,"9 min, 51 sec"
Pune,E-commerce Sales,190,1568,12,177,3,18-24,2025-01-09,"9 min, 58 sec"
Pune,Bollywood Movies,96,552,41,167,2,25-34,2025-01-05,"7 min, 32 sec"
Nashik,Health & Wellness,116,1346,20,214,2,25-34,2025-01-01,"9 min, 29 sec"
Pune,Festival Offers,139,1173,55,285,2,18-24,2025-01-01,"8 min, 25 sec"
Kolhapur,Cricket Events,137,809,87,899,3,45-54,2025-01-06,"1 min, 15 sec"
Mumbai,Food Promotions,290,1247,58,373,3,18-24,2025-01-03,"8 min, 31 sec"
Kolhapur,Travel Deals,138,1234,93,808,1,35-44,2025-01-02,"4 min, 12 sec"
Kolhapur,Education Campaigns,285,520,33,688,2,25-34,2025-01-02,"2 min, 49 sec"
Nagpur,E-commerce Sales,299,931,62,166,3,25-34,2025-01-03,"3 min, 27 sec"
Nagpur,Smartphone Launches,183,1865,44,654,1,45-54,2025-01-05,"1 min, 19 sec"
Nagpur,Education Campaigns,147,1036,36,402,1,18-24,2025-01-08,"4 min, 18 sec"
Mumbai,E-commerce Sales,70,585,33,823,3,45-54,2025-01-01,"9 min, 6 sec"
Nagpur,Food Promotions,69,1984,67,475,3,25-34,2025-01-07,"8 min, 33 sec"
Pune,Bollywood Movies,179,529,41,636,1,35-44,2025-01-05,"6 min, 5 sec"
Kolhapur,Festival Offers,69,1128,39,880,2,18-24,2025-01-03,"1 min, 24 sec"
Nashik,Health & Wellness,69,1127,59,236,3,35-44,2025-01-01,"1 min, 9 sec"
Nashik,Health & Wellness,140,1209,68,804,3,35-44,2025-01-09,"9 min, 13 sec"
Nashik,Smartphone Launches,50,696,67,208,2,35-44,2025-01-07,"7 min, 31 sec"
Kolhapur,Festival Offers,123,719,83,271,2,25-34,2025-01-03,"6 min, 21 sec"
Kolhapur,E-commerce Sales,53,1447,74,744,3,18-24,2025-01-09,"7 min, 13 sec"
Nashik,Education Campaigns,255,1960,66,522,2,25-34,2025-01-07,"1 min, 45 sec"
Mumbai,Health & Wellness,184,1034,74,514,2,25-34,2025-01-06,"7 min, 55 sec"
Nagpur,Education Campaigns,200,1358,29,661,2,45-54,2025-01-05,"1 min, 24 sec"
Nagpur,Fashion Trends,133,1150,55,156,2,25-34,2025-01-07,"6 min, 59 sec"
Pune,Fashion Trends,238,998,81,391,2,18-24,2025-01-06,"6 min, 22 sec"
Nashik,Travel Deals,232,1299,10,101,2,18-24,2025-01-07,"6 min, 2 sec"
Kolhapur,Food Promotions,118,912,99,344,2,18-24,2025-01-03,"8 min, 11 sec"
Nagpur,Food Promotions,163,1562,64,897,3,45-54,2025-01-06,"8 min, 14 sec"
Nashik,Fashion Trends,236,1237,61,810,3,25-34,2025-01-06,"6 min, 31 sec"
Satara,Festival Offers,203,1635,76,948,3,18-24,2025-01-06,"7 min, 52 sec"
Satara,Festival Offers,243,1400,73,915,3,45-54,2025-01-06,"9 min, 55 sec"
Nashik,Travel Deals,103,1662,18,125,2,25-34,2025-01-01,"8 min, 44 sec"
Pune,Food Promotions,197,1738,25,709,3,35-44,2025-01-03,"2 min, 22 sec"
Mumbai,Bollywood Movies,282,1261,72,616,3,35-44,2025-01-05,"5 min, 55 sec"
Pune,Education Campaigns,205,700,89,409,1,35-44,2025-01-09,"4 min, 0 sec"
Nagpur,Education Campaigns,205,742,82,242,3,35-44,2025-01-07,"3 min, 22 sec"
Nagpur,Festival Offers,250,1046,61,118,3,18-24,2025-01-04,"4 min, 24 sec"
Satara,Food Promotions,233,922,58,566,2,18-24,2025-01-07,"6 min, 20 sec"
Kolhapur,Cricket Events,121,1910,29,174,1,25-34,2025-01-01,"7 min, 12 sec"
Nagpur,Education Campaigns,202,773,21,339,3,25-34,2025-01-02,"5 min, 23 sec"
Satara,Education Campaigns,230,710,78,714,3,25-34,2025-01-02,"6 min, 6 sec"
Pune,Health & Wellness,163,1479,40,688,3,45-54,2025-01-08,"1 min, 41 sec"
Nagpur,Bollywood Movies,257,546,78,603,3,25-34,2025-01-02,"1 min, 34 sec"
Nagpur,Fashion Trends,135,1499,98,434,1,35-44,2025-01-01,"4 min, 14 sec"
Nagpur,Festival Offers,88,1929,29,589,3,35-44,2025-01-03,"7 min, 26 sec"
Nashik,Fashion Trends,187,1874,86,901,3,45-54,2025-01-03,"6 min, 8 sec"
Nashik,Travel Deals,69,613,79,473,1,18-24,2025-01-01,"7 min, 50 sec"
Pune,Education Campaigns,282,892,84,346,2,45-54,2025-01-05,"9 min, 19 sec"
Kolhapur,Travel Deals,244,573,97,618,2,45-54,2025-01-03,"4 min, 7 sec"
Satara,Travel Deals,194,767,38,469,2,35-44,2025-01-09,"1 min, 30 sec"
Mumbai,Cricket Events,192,1014,41,167,1,18-24,2025-01-02,"5 min, 52 sec"
Kolhapur,Smartphone Launches,117,1527,93,683,2,25-34,2025-01-01,"3 min, 9 sec"
Mumbai,Travel Deals,180,1081,79,531,1,35-44,2025-01-01,"2 min, 31 sec"
Mumbai,Fashion Trends,224,1112,69,318,2,18-24,2025-01-08,"2 min, 13 sec"
Nagpur,Bollywood Movies,140,1998,81,213,1,18-24,2025-01-01,"2 min, 44 sec"
Nagpur,Food Promotions,168,1261,100,516,3,45-54,2025-01-03,"3 min, 20 sec"
Mumbai,Cricket Events,184,1794,87,655,1,35-44,2025-01-04,"2 min, 33 sec"
Nashik,Travel Deals,272,1759,82,506,1,45-54,2025-01-02,"2 min, 5 sec"
Pune,Bollywood Movies,240,731,10,133,2,35-44,2025-01-03,"4 min, 26 sec"
Satara,Education Campaigns,246,1330,54,962,3,35-44,2025-01-03,"4 min, 31 sec"
Nashik,E-commerce Sales,284,1653,85,753,2,35-44,2025-01-07,"5 min, 30 sec"
Nashik,Smartphone Launches,95,1619,43,337,1,18-24,2025-01-09,"3 min, 36 sec"
Kolhapur,Bollywood Movies,177,1910,17,217,3,35-44,2025-01-09,"3 min, 27 sec"
Satara,Smartphone Launches,64,1764,82,247,3,35-44,2025-01-04,"3 min, 39 sec"
Kolhapur,E-commerce Sales,130,1135,60,127,3,25-34,2025-01-01,"7 min, 6 sec"
Kolhapur,Festival Offers,109,1480,43,704,1,25-34,2025-01-09,"9 min, 44 sec"
Nagpur,Health & Wellness,111,730,91,303,3,18-24,2025-01-09,"1 min, 5 sec"
Mumbai,Festival Offers,268,1732,79,710,2,45-54,2025-01-08,"2 min, 48 sec"
Satara,Smartphone Launches,113,1519,77,459,2,25-34,2025-01-01,"1 min, 56 sec"
Satara,Travel Deals,285,940,46,528,1,18-24,2025-01-07,"7 min, 6 sec"
Kolhapur,Festival Offers,176,1718,65,489,2,25-34,2025-01-02,"8 min, 6 sec"
Pune,Cricket Events,73,1456,45,815,3,35-44,2025-01-06,"8 min, 41 sec"
Kolhapur,Travel Deals,83,1001,11,840,3,45-54,2025-01-09,"8 min, 20 sec"
Kolhapur,Food Promotions,145,1465,43,156,1,18-24,2025-01-09,"9 min, 58 sec"
Nagpur,Travel Deals,72,1616,56,466,3,35-44,2025-01-05,"3 min, 3 sec"
Nashik,Education Campaigns,66,1776,63,710,3,45-54,2025-01-05,"7 min, 49 sec"
Kolhapur,Travel Deals,89,1725,37,568,3,25-34,2025-01-07,"5 min, 10 sec"
Kolhapur,Bollywood Movies,298,1089,79,506,3,25-34,2025-01-06,"6 min, 14 sec"
Mumbai,Health & Wellness,120,1045,48,812,3,18-24,2025-01-07,"9 min, 50 sec"
Satara,Smartphone Launches,236,1987,90,324,2,25-34,2025-01-05,"2 min, 30 sec"
Satara,Health & Wellness,104,1168,99,779,2,45-54,2025-01-04,"8 min, 42 sec"
Mumbai,Health & Wellness,79,1138,35,865,3,25-34,2025-01-02,"8 min, 28 sec"
Satara,Travel Deals,179,899,38,800,3,25-34,2025-01-05,"2 min, 9 sec"
Pune,E-commerce Sales,235,815,100,173,1,35-44,2025-01-03,"1 min, 35 sec"
Pune,Bollywood Movies,245,1680,61,189,2,45-54,2025-01-05,"7 min, 55 sec"
Mumbai,Education Campaigns,283,1958,36,768,2,25-34,2025-01-04,"4 min, 47 sec"
Satara,Cricket Events,179,1263,78,687,1,25-34,2025-01-08,"8 min, 58 sec"
Nagpur,Festival Offers,56,1164,77,388,1,35-44,2025-01-03,"5 min, 48 sec"
Satara,Festival Offers,144,856,45,923,3,45-54,2025-01-09,"3 min, 6 sec"
